DeploymentId,date,time,lon,lat,Temp_5m,pCO2_5m,O2_5m,Temp_34point5m,pCO2_34point5m,O2_34point5m,Temp_50m,pCO2_50m,O2_50m,Temp_75m,pCO2_75m,O2_75m,Temp_105m_96m,pCO2_105m_96m,O2_105m_96m,Temp_1m,pH_1m
Deployment_1,20080309,1030,-50.64468,-38.58886,5.41,316.4,320.5,4.72,339.5,310.8,3.92,356.6,308.6,1.74,368.3,313.2,0.68,392.2,303.7,5.54,8.1418
Deployment_1,20080309,1100,-50.64596,-38.59020,5.43,316.4,320.1,5.07,342.4,312.5,4.00,358.6,307.9,2.14,373.2,314.6,0.76,386.5,307.4,5.54,8.1418
Deployment_1,20080309,1130,-50.64725,-38.59154,5.43,316.2,320.0,4.85,342.4,310.9,3.76,358.7,309.4,1.66,374.4,313.0,0.68,385.3,306.7,5.54,8.1420
Deployment_1,20080309,1200,-50.64932,-38.59219,5.43,316.9,319.9,5.12,341.0,314.5,3.76,360.1,310.0,1.69,376.7,312.9,0.76,384.9,307.4,5.54,8.1422
Deployment_1,20080309,1230,-50.65140,-38.59284,5.43,316.5,319.6,4.85,344.1,311.1,3.79,360.0,309.5,1.63,375.7,312.8,0.62,387.6,306.6,5.54,8.1427
Deployment_1,20080309,1300,-50.65381,-38.59308,5.43,316.4,319.2,4.64,343.9,310.3,3.81,359.8,309.4,1.63,374.7,313.0,0.60,386.2,307.6,5.55,8.1433
Deployment_1,20080309,1330,-50.65622,-38.59331,5.43,316.6,319.4,5.07,341.9,314.3,3.68,358.4,309.8,1.66,374.2,313.0,0.62,388.2,309.7,5.55,8.1425
Deployment_1,20080309,1400,-50.65866,-38.59255,5.46,315.6,319.2,4.61,344.9,310.2,3.47,359.9,310.6,1.61,376.5,313.8,0.60,384.1,308.3,5.56,8.1416
Deployment_1,20080309,1430,-50.66110,-38.59180,5.43,316.7,319.1,5.20,341.8,315.7,4.00,359.7,308.6,2.09,374.6,313.4,0.60,383.6,309.6,5.57,8.1417
Deployment_1,20080309,1500,-50.66319,-38.58982,5.46,316.3,318.8,5.25,336.5,316.1,3.89,358.9,308.9,2.06,372.7,313.5,0.60,387.2,308.8,5.59,8.1419
Deployment_1,20080309,1530,-50.66527,-38.58784,5.46,316.3,318.6,5.23,338.1,315.9,3.65,359.2,310.9,2.09,371.5,313.7,0.60,381.9,308.7,5.58,8.1427
Deployment_1,20080309,1600,-50.66690,-38.58550,5.46,316.5,317.9,5.12,342.1,315.7,3.60,360.1,311.2,1.95,371.1,313.9,0.60,386.3,307.9,5.56,8.1435
Deployment_1,20080309,1630,-50.66852,-38.58317,5.46,316.8,317.9,5.12,339.9,315.7,3.60,360.1,311.0,2.16,371.4,313.6,0.57,382.8,309.6,5.57,8.1430
Deployment_1,20080309,1700,-50.66979,-38.58053,5.49,316.6,317.9,5.01,341.2,315.1,3.73,356.3,309.7,2.30,363.3,313.0,0.62,384.3,310.8,5.59,8.1422
Deployment_1,20080309,1730,-50.67106,-38.57789,5.49,316.5,317.7,5.12,339.2,315.4,4.00,356.6,309.0,2.09,368.1,313.5,0.65,387.5,303.4,5.59,8.1422
Deployment_1,20080309,1800,-50.67177,-38.57519,5.49,316.8,317.4,5.12,339.0,315.3,4.13,352.9,309.4,2.16,366.7,313.5,0.68,392.0,303.6,5.59,8.1422
Deployment_1,20080309,1830,-50.67248,-38.57248,5.49,316.0,317.3,5.33,331.9,316.5,4.53,349.7,310.6,2.54,363.1,314.8,0.70,389.5,304.9,5.59,8.1424
Deployment_1,20080309,1900,-50.67303,-38.57044,5.49,316.3,317.3,5.25,333.7,315.9,4.21,351.2,309.3,2.48,357.3,314.5,0.73,391.5,305.9,5.59,8.1426
Deployment_1,20080309,1930,-50.67359,-38.56839,5.49,316.3,317.0,5.04,338.8,315.1,3.89,354.7,310.2,2.01,369.6,313.9,0.73,386.9,305.7,5.59,8.1443
Deployment_1,20080309,2000,-50.67385,-38.56662,5.49,315.8,317.1,5.01,340.0,314.8,3.68,358.6,311.6,1.39,376.5,312.4,0.76,391.4,307.0,5.59,8.1461
Deployment_1,20080309,2030,-50.67411,-38.56484,5.49,314.8,316.9,5.33,333.7,316.5,4.24,357.4,309.3,1.82,378.5,313.2,0.81,386.9,307.8,5.59,8.1441
Deployment_1,20080309,2100,-50.67445,-38.56441,5.49,316.3,316.9,5.07,339.8,314.4,3.68,356.6,311.7,1.50,378.1,313.4,0.78,383.8,307.7,5.59,8.1415
Deployment_1,20080309,2130,-50.67479,-38.56398,5.49,315.6,317.1,4.59,348.7,310.4,3.36,362.8,311.8,1.50,379.7,313.4,0.73,381.7,307.8,5.59,8.1415
Deployment_1,20080309,2200,-50.67509,-38.56364,5.49,316.0,316.8,4.30,349.6,307.5,3.31,363.5,310.2,1.34,382.9,311.8,0.73,384.0,305.6,5.59,8.1419
Deployment_1,20080309,2230,-50.67539,-38.56330,5.49,315.7,317.3,4.54,349.5,309.1,3.44,365.6,311.4,1.45,380.5,313.2,0.70,383.8,306.3,5.59,8.1424
Deployment_1,20080309,2300,-50.67596,-38.56367,5.49,315.5,316.8,4.61,350.1,310.7,3.17,364.9,312.0,1.37,382.3,312.2,0.70,389.3,301.9,5.59,8.1429
Deployment_1,20080309,2330,-50.67654,-38.56403,5.49,315.9,317.3,4.77,349.2,313.3,3.31,366.4,309.8,1.45,381.9,312.9,0.62,386.7,306.1,5.60,8.1413
Deployment_1,20080310,0000,-50.67792,-38.56445,5.49,315.9,316.9,4.91,342.2,312.4,3.55,364.2,310.1,1.55,378.2,312.8,0.68,389.0,305.7,5.61,8.1394
Deployment_1,20080310,0030,-50.67929,-38.56487,5.49,315.7,316.9,5.07,342.1,313.7,3.84,365.0,310.4,1.71,376.7,313.8,0.62,387.9,306.0,5.61,8.1390
Deployment_1,20080310,0100,-50.68023,-38.56509,5.51,316.0,317.7,5.15,334.5,313.9,3.89,359.2,309.6,1.77,374.3,314.5,0.60,388.9,304.7,5.62,8.1389
Deployment_1,20080310,0130,-50.68117,-38.56531,5.51,316.8,317.8,5.25,332.1,314.2,3.92,356.3,309.9,1.77,374.3,313.8,0.62,386.7,305.9,5.62,8.1380
Deployment_1,20080310,0200,-50.68258,-38.56536,5.51,316.3,317.6,5.52,329.7,316.3,4.45,354.3,310.4,1.93,374.9,314.2,0.68,389.1,305.2,5.62,8.1370
Deployment_1,20080310,0230,-50.68400,-38.56542,5.51,316.5,317.1,5.41,329.1,315.4,4.34,353.0,310.5,1.90,372.6,314.5,0.78,387.6,308.5,5.62,8.1368
Deployment_1,20080310,0300,-50.68518,-38.56494,5.51,316.6,317.4,5.46,330.4,316.0,4.26,355.8,309.9,2.01,373.8,314.4,0.70,382.9,306.8,5.61,8.1368
Deployment_1,20080310,0330,-50.68637,-38.56446,5.49,316.7,317.8,5.41,329.5,315.5,4.24,355.8,309.0,2.35,366.1,315.2,0.73,385.5,306.6,5.60,8.1371
Deployment_1,20080310,0400,-50.68747,-38.56379,5.49,316.7,317.4,5.23,331.8,313.9,3.89,355.2,310.6,2.06,367.5,313.1,0.65,389.3,304.0,5.59,8.1375
Deployment_1,20080310,0430,-50.68857,-38.56312,5.49,316.6,317.4,5.07,333.8,313.3,3.92,356.0,310.7,2.56,361.2,314.3,0.70,389.7,304.0,5.59,8.1370
Deployment_1,20080310,0500,-50.68992,-38.56212,5.49,316.9,317.5,5.15,332.6,314.2,3.89,356.5,310.8,2.06,366.6,313.9,0.65,387.8,305.0,5.59,8.1365
Deployment_1,20080310,0530,-50.69128,-38.56113,5.49,316.9,317.7,5.41,331.3,315.7,4.34,355.6,310.9,2.56,360.2,314.3,0.62,388.7,309.6,5.59,8.1372
Deployment_1,20080310,0600,-50.69191,-38.55925,5.49,317.0,317.8,5.49,329.1,315.5,3.84,354.8,311.3,2.30,361.3,314.9,0.62,381.7,303.8,5.59,8.1380
Deployment_1,20080310,0630,-50.69254,-38.55738,5.49,317.2,317.8,5.44,329.6,315.9,3.86,357.0,311.2,2.03,365.5,313.1,0.57,392.2,303.5,5.60,8.1381
Deployment_1,20080310,0700,-50.69282,-38.55578,5.49,316.8,317.5,5.17,329.8,314.8,3.68,356.4,312.4,2.03,371.6,313.5,0.57,388.1,308.5,5.61,8.1380
Deployment_1,20080310,0730,-50.69310,-38.55419,5.49,317.3,317.4,5.39,329.5,315.9,3.71,355.7,311.7,2.06,371.3,313.6,0.62,385.0,312.3,5.61,8.1378
Deployment_1,20080310,0800,-50.69338,-38.55259,5.49,317.8,317.3,5.39,329.5,316.1,3.55,358.7,313.0,1.77,371.7,314.2,0.57,381.2,307.8,5.60,8.1377
Deployment_1,20080310,0830,-50.69366,-38.55099,5.49,317.8,317.3,5.31,330.9,315.6,3.39,360.7,313.4,1.69,376.2,314.0,0.60,386.4,308.0,5.60,8.1387
Deployment_1,20080310,0900,-50.69379,-38.55015,5.49,317.9,317.3,4.99,336.2,313.3,3.33,363.5,313.4,1.69,375.2,313.7,0.62,380.7,310.4,5.59,8.1399
Deployment_1,20080310,0930,-50.69393,-38.54932,5.49,318.3,316.9,5.01,337.4,313.5,3.36,361.9,313.9,1.74,377.0,313.8,0.68,381.4,310.5,5.59,8.1390
Deployment_1,20080310,1000,-50.69410,-38.54803,5.49,318.4,316.9,4.91,333.3,313.2,3.12,363.6,314.1,1.69,376.3,313.6,0.68,378.2,309.3,5.60,8.1379
Deployment_1,20080310,1030,-50.69427,-38.54674,5.49,318.4,316.9,5.31,334.4,315.2,3.23,364.4,313.9,1.77,378.1,314.0,0.62,378.9,309.7,5.61,8.1379
Deployment_1,20080310,1100,-50.69473,-38.54592,5.51,319.4,316.8,5.46,327.8,315.6,3.89,361.4,310.0,1.71,377.5,314.1,0.68,380.4,309.3,5.62,8.1381
Deployment_1,20080310,1130,-50.69518,-38.54511,5.51,318.9,316.6,4.99,332.8,313.5,3.73,359.3,311.4,1.61,377.5,313.5,0.62,383.5,304.6,5.62,8.1380
Deployment_1,20080310,1200,-50.69579,-38.54482,5.49,318.5,316.6,4.75,342.3,311.2,3.71,360.3,311.4,1.55,379.8,313.2,0.62,388.8,302.7,5.61,8.1378
Deployment_1,20080310,1230,-50.69640,-38.54453,5.51,319.5,316.2,4.51,346.2,309.2,3.63,360.0,312.5,1.29,381.2,312.0,0.60,392.0,303.4,5.61,8.1390
Deployment_1,20080310,1300,-50.69706,-38.54448,5.51,319.8,316.6,5.09,337.0,314.2,4.00,359.1,309.9,1.74,378.3,314.7,0.62,390.9,305.6,5.62,8.1403
Deployment_1,20080310,1330,-50.69773,-38.54443,5.51,319.7,316.4,5.17,335.8,314.4,4.00,358.8,310.3,1.58,376.8,314.4,0.62,387.3,305.2,5.63,8.1398
Deployment_1,20080310,1400,-50.69846,-38.54415,5.56,320.7,316.1,5.17,332.0,315.1,3.97,358.0,310.6,1.74,372.1,316.7,0.62,389.4,305.0,5.64,8.1391
Deployment_1,20080310,1430,-50.69918,-38.54387,5.54,321.7,316.3,5.25,334.3,316.7,3.94,357.9,310.8,1.95,371.9,315.6,0.65,391.4,305.7,5.65,8.1381
Deployment_1,20080310,1500,-50.70025,-38.54333,5.56,322.1,316.2,5.46,327.2,316.1,4.08,358.5,309.9,2.09,366.8,314.8,0.76,387.6,307.3,5.67,8.1369
Deployment_1,20080310,1530,-50.70132,-38.54278,5.54,321.3,315.7,5.49,325.2,315.9,4.71,354.1,312.7,2.24,366.5,314.8,0.76,381.7,307.2,5.67,8.1366
Deployment_1,20080310,1600,-50.70253,-38.54173,5.56,321.4,316.1,5.52,326.1,316.2,4.85,344.5,313.1,2.40,360.6,314.4,0.76,380.9,307.2,5.67,8.1364
Deployment_1,20080310,1630,-50.70374,-38.54069,5.56,321.0,315.8,5.49,326.0,316.3,4.24,352.5,310.5,1.90,364.9,316.4,0.65,383.1,305.8,5.67,8.1376
Deployment_1,20080310,1700,-50.70474,-38.53956,5.54,320.1,315.7,5.49,325.1,316.1,4.13,358.1,310.6,2.38,363.1,314.9,0.70,381.3,311.0,5.67,8.1390
Deployment_1,20080310,1730,-50.70574,-38.53844,5.56,319.9,315.8,5.25,331.9,316.5,3.63,358.4,312.7,2.09,364.6,315.7,0.73,380.7,306.7,5.67,8.1382
Deployment_1,20080310,1800,-50.70659,-38.53656,5.56,319.9,315.6,4.67,337.6,310.1,3.57,361.8,312.6,1.93,370.5,315.4,0.68,383.5,303.9,5.67,8.1372
Deployment_1,20080310,1830,-50.70744,-38.53468,5.54,319.7,315.6,4.96,337.4,314.0,3.65,361.5,312.3,1.87,371.4,315.6,0.73,386.2,306.3,5.67,8.1372
Deployment_1,20080310,1900,-50.70829,-38.53232,5.54,319.3,315.3,4.72,339.5,310.9,3.44,363.4,313.3,1.58,375.2,313.7,0.65,387.6,305.8,5.66,8.1375
Deployment_1,20080310,1930,-50.70914,-38.52995,5.54,319.0,315.6,4.85,339.0,312.5,3.71,361.2,312.4,1.77,375.3,315.3,0.65,383.7,309.3,5.65,8.1376
Deployment_1,20080310,2000,-50.70980,-38.52797,5.54,318.3,315.3,5.20,333.4,315.7,3.65,361.9,312.4,1.79,375.0,315.0,0.73,381.8,308.3,5.64,8.1377
Deployment_1,20080310,2030,-50.71045,-38.52599,5.54,318.6,315.7,5.49,326.6,315.9,4.05,358.1,310.6,1.95,367.7,315.2,0.73,381.1,307.7,5.64,8.1381
Deployment_1,20080310,2100,-50.71111,-38.52402,5.54,318.0,315.8,5.49,325.6,316.1,3.92,357.7,311.2,1.82,371.9,314.7,0.76,381.6,308.0,5.64,8.1384
Deployment_1,20080310,2130,-50.71176,-38.52204,5.54,317.7,315.6,5.04,332.4,314.3,3.81,357.9,312.2,1.95,374.3,314.9,0.76,381.7,308.3,5.64,8.1384
Deployment_1,20080310,2200,-50.71134,-38.51919,5.54,317.5,315.5,4.83,335.8,312.4,3.57,358.5,313.2,1.82,372.5,314.4,0.70,379.1,308.9,5.64,8.1384
Deployment_1,20080310,2230,-50.71093,-38.51635,5.54,317.5,315.5,4.91,337.4,313.0,3.79,359.9,311.9,2.03,369.0,315.5,0.70,378.9,304.2,5.64,8.1386
Deployment_1,20080310,2300,-50.71096,-38.51548,5.54,317.1,315.9,5.07,337.3,314.8,3.71,359.4,312.3,1.85,372.6,314.0,0.70,382.5,304.3,5.64,8.1389
Deployment_1,20080310,2330,-50.71100,-38.51461,5.54,316.4,315.4,4.99,337.8,314.0,3.81,359.5,312.4,1.79,373.8,314.6,0.62,385.5,305.9,5.64,8.1385
Deployment_1,20080311,0000,-50.71103,-38.51375,5.54,315.8,315.0,4.67,343.0,310.6,3.60,359.4,313.1,1.77,372.1,315.0,0.68,388.0,306.7,5.64,8.1381
Deployment_1,20080311,0030,-50.71106,-38.51288,5.54,317.1,316.2,5.01,339.2,313.6,3.63,359.7,313.5,1.93,368.3,315.9,0.84,384.3,308.7,5.64,8.1384
Deployment_1,20080311,0100,-50.71115,-38.51228,5.51,316.8,315.5,4.88,341.2,312.8,3.68,358.9,313.0,1.93,366.9,316.9,0.68,381.3,308.9,5.63,8.1388
Deployment_1,20080311,0130,-50.71123,-38.51168,5.51,316.4,315.5,5.04,338.2,314.0,3.71,359.3,312.5,1.50,371.9,314.5,0.65,382.2,307.6,5.63,8.1383
Deployment_1,20080311,0200,-50.71156,-38.51098,5.51,316.8,316.4,5.04,339.0,314.3,3.73,359.1,312.7,1.50,374.8,315.8,0.62,385.3,304.7,5.62,8.1377
Deployment_1,20080311,0230,-50.71188,-38.51029,5.51,316.2,316.3,5.39,331.9,314.9,3.94,358.8,311.2,1.90,365.6,318.0,0.70,390.9,309.9,5.62,8.1380
Deployment_1,20080311,0300,-50.71240,-38.50968,5.51,316.7,316.5,5.15,334.7,314.6,3.73,357.3,312.2,1.71,364.4,317.2,0.68,381.1,308.8,5.62,8.1383
Deployment_1,20080311,0330,-50.71292,-38.50908,5.51,316.8,316.5,5.41,331.6,314.8,3.97,357.1,312.2,1.82,363.3,317.3,0.73,382.8,310.4,5.62,8.1378
Deployment_1,20080311,0400,-50.71388,-38.50864,5.51,316.8,316.6,5.25,334.2,313.3,3.79,356.1,312.7,1.77,363.7,317.7,0.60,379.7,308.3,5.62,8.1372
Deployment_1,20080311,0430,-50.71485,-38.50821,5.51,317.2,316.8,5.49,328.4,315.3,4.08,356.5,311.7,2.11,362.8,317.6,0.62,380.2,309.5,5.62,8.1366
Deployment_1,20080311,0500,-50.71583,-38.50726,5.51,317.2,317.1,5.52,328.4,315.8,3.97,355.0,311.4,2.11,359.3,316.5,0.78,381.0,313.4,5.62,8.1359
Deployment_1,20080311,0530,-50.71682,-38.50630,5.51,317.4,317.0,5.52,328.4,315.3,3.97,354.9,311.9,2.06,359.7,317.4,0.73,377.0,310.9,5.62,8.1362
Deployment_1,20080311,0600,-50.71821,-38.50487,5.51,317.5,317.1,5.52,328.1,315.3,4.61,353.4,310.6,2.24,359.7,317.2,1.16,381.5,312.1,5.62,8.1367
Deployment_1,20080311,0630,-50.71961,-38.50343,5.51,317.3,317.1,5.52,329.0,315.2,3.63,355.1,313.8,1.82,361.1,317.2,0.70,372.5,310.2,5.62,8.1366
Deployment_1,20080311,0700,-50.72043,-38.50126,5.51,317.9,317.0,5.52,328.1,315.2,3.81,356.1,313.3,1.69,365.0,316.8,0.60,381.6,308.3,5.62,8.1365
Deployment_1,20080311,0730,-50.72125,-38.49909,5.51,317.5,317.2,5.52,328.3,315.1,3.65,354.5,313.5,1.55,366.6,316.4,0.60,383.5,305.5,5.62,8.1368
Deployment_1,20080311,0800,-50.72207,-38.49692,5.51,317.9,317.1,5.54,327.8,314.9,3.60,357.6,313.8,1.55,367.6,316.5,0.62,385.5,304.7,5.63,8.1372
Deployment_1,20080311,0830,-50.72289,-38.49475,5.51,316.5,316.8,5.41,332.0,313.9,3.52,361.0,314.0,1.39,369.8,316.7,0.60,392.2,300.4,5.63,8.1371
Deployment_1,20080311,0900,-50.72371,-38.49258,5.51,317.8,316.9,4.91,347.1,306.1,3.47,363.4,313.7,1.34,372.2,316.4,0.60,391.1,301.3,5.63,8.1369
Deployment_1,20080311,0930,-50.72454,-38.49041,5.51,318.0,316.6,4.80,352.1,303.9,3.33,363.0,314.0,1.37,372.5,315.7,0.57,389.0,305.2,5.63,8.1372
Deployment_1,20080311,1000,-50.72508,-38.48941,5.51,318.3,316.7,4.80,347.6,304.0,3.44,362.2,312.4,1.53,371.2,316.4,0.68,385.1,308.1,5.63,8.1375
Deployment_1,20080311,1030,-50.72563,-38.48840,5.54,318.5,316.0,4.88,344.7,306.5,3.57,361.6,310.8,1.66,366.2,316.7,0.65,383.3,307.3,5.63,8.1376
Deployment_1,20080311,1100,-50.72594,-38.48600,5.54,318.3,314.7,5.09,335.7,309.4,3.60,363.5,310.5,1.74,365.6,316.7,0.65,381.5,307.7,5.64,8.1376
Deployment_1,20080311,1130,-50.72625,-38.48360,5.54,318.2,316.0,5.15,342.2,309.9,3.63,363.6,309.9,1.79,367.7,317.4,0.65,384.1,307.5,5.64,8.1379
Deployment_1,20080311,1200,-50.72656,-38.48120,5.51,318.7,316.1,4.99,347.1,307.2,3.52,363.7,312.0,2.01,364.1,317.5,0.65,383.3,307.4,5.65,8.1383
Deployment_1,20080311,1230,-50.72688,-38.47880,5.54,318.9,316.4,5.41,338.8,313.5,3.71,365.0,309.8,1.98,364.4,317.7,0.76,384.8,310.3,5.65,8.1383
Deployment_1,20080311,1300,-50.72633,-38.47708,5.54,319.0,316.0,5.31,334.9,312.2,3.92,362.4,308.6,2.09,361.0,316.9,0.73,378.2,310.2,5.64,8.1383
Deployment_1,20080311,1330,-50.72578,-38.47537,5.54,318.8,316.1,5.31,331.4,311.8,3.84,363.5,309.4,1.79,362.7,317.6,0.73,379.0,310.0,5.64,8.1391
Deployment_1,20080311,1400,-50.72643,-38.47571,5.54,319.5,316.1,5.52,328.8,314.7,4.10,364.0,306.4,2.16,361.6,317.6,0.89,379.5,310.5,5.65,8.1399
Deployment_1,20080311,1430,-50.72708,-38.47605,5.54,318.7,316.1,5.39,331.1,312.7,3.97,362.3,308.2,2.09,360.3,316.7,0.86,380.0,313.3,5.65,8.1398
Deployment_1,20080311,1500,-50.72806,-38.47445,5.54,318.9,316.0,5.54,326.8,315.2,4.29,362.1,304.9,2.38,357.4,315.5,0.84,380.5,311.5,5.65,8.1396
Deployment_1,20080311,1530,-50.72903,-38.47285,5.56,318.3,315.6,5.54,325.3,315.1,4.82,356.6,305.0,2.46,355.8,315.9,0.62,381.0,308.7,5.66,8.1390
Deployment_1,20080311,1600,-50.72951,-38.47224,5.56,318.8,315.0,5.57,326.3,315.5,5.25,345.3,311.2,2.11,357.0,317.1,0.62,381.5,309.0,5.67,8.1384
Deployment_1,20080311,1630,-50.72999,-38.47162,5.56,318.2,315.5,5.57,326.2,315.3,4.56,354.7,304.3,1.61,359.3,317.1,0.62,382.0,308.7,5.67,8.1386
Deployment_1,20080311,1700,-50.73076,-38.47052,5.56,317.4,315.3,5.54,325.3,315.2,4.21,358.8,305.4,1.69,376.1,317.0,0.54,382.5,307.0,5.68,8.1389
Deployment_1,20080311,1730,-50.73153,-38.46942,5.56,317.9,311.2,5.57,325.4,315.2,4.21,362.6,306.0,1.61,374.6,317.4,0.54,383.0,306.8,5.69,8.1393
Deployment_1,20080311,1817,-50.73238,-38.46871,5.59,317.9,314.6,5.52,327.2,314.4,3.55,361.8,311.4,2.14,376.6,317.9,0.65,383.5,310.7,5.70,8.1397
Deployment_1,20080311,1900,-50.73322,-38.46801,5.59,317.9,314.3,5.54,327.0,315.1,4.32,364.4,305.2,1.98,373.6,317.1,0.57,384.0,306.5,5.70,8.1405
Deployment_1,20080311,1930,-50.73419,-38.46783,5.59,321.1,314.2,4.85,327.4,305.4,4.18,363.3,306.1,1.61,375.9,317.5,0.49,385.0,303.7,5.70,8.1413
Deployment_1,20080311,2000,-50.73516,-38.46765,5.59,320.3,314.2,5.46,326.8,313.9,3.55,361.2,311.8,1.77,378.0,317.9,0.52,386.0,306.5,5.70,8.1422
Deployment_1,20080311,2030,-50.73650,-38.46676,5.59,321.2,315.0,5.54,326.5,315.4,3.97,364.4,307.8,2.19,372.5,316.2,0.73,387.0,312.9,5.70,8.1415
Deployment_1,20080311,2100,-50.73784,-38.46587,5.59,320.4,310.9,4.69,342.6,303.7,4.18,364.7,305.6,1.98,368.6,316.8,0.62,388.1,308.6,5.70,8.1405
Deployment_1,20080311,2130,-50.73903,-38.46417,5.59,318.7,311.0,5.23,355.2,310.0,3.57,362.3,310.1,1.85,369.6,317.5,0.73,387.5,313.2,5.70,8.1408
Deployment_1,20080311,2200,-50.74022,-38.46246,5.59,317.5,313.6,5.12,335.7,309.1,3.41,364.1,312.0,1.50,371.2,317.2,0.70,381.0,309.9,5.70,8.1413
Deployment_1,20080311,2230,-50.74114,-38.46063,5.59,317.7,314.1,5.46,335.2,314.1,3.25,364.1,312.3,1.47,375.0,317.5,0.73,387.4,311.0,5.70,8.1412
Deployment_1,20080311,2300,-50.74206,-38.45880,5.59,317.9,313.7,4.72,353.4,303.4,3.28,365.6,312.7,1.63,370.7,317.4,0.73,383.4,311.1,5.70,8.1409
Deployment_1,20080311,2330,-50.74299,-38.45695,5.59,318.8,314.1,5.39,344.8,312.3,3.44,365.0,310.9,1.58,372.9,317.7,0.73,387.2,310.4,5.70,8.1407
Deployment_1,20080312,0000,-50.74391,-38.45510,5.59,318.5,314.2,5.36,333.6,311.9,3.57,367.6,310.2,1.26,378.5,316.9,0.68,388.6,308.3,5.70,8.1404
Deployment_1,20080312,0030,-50.74465,-38.45281,5.59,318.6,314.2,5.25,339.5,310.5,3.44,366.3,312.3,1.29,379.6,317.0,0.65,388.8,306.8,5.70,8.1402
Deployment_1,20080312,0100,-50.74539,-38.45052,5.59,318.1,314.0,5.49,331.9,314.1,3.44,367.2,311.1,1.82,371.7,316.5,0.65,390.3,307.8,5.70,8.1400
Deployment_1,20080312,0130,-50.74575,-38.44799,5.59,318.1,314.4,5.57,329.2,315.3,4.02,365.0,307.6,2.01,366.8,316.6,0.65,390.7,307.8,5.70,8.1398
Deployment_1,20080312,0200,-50.74610,-38.44546,5.59,317.8,314.0,5.52,330.4,314.6,4.34,362.2,307.0,1.93,365.3,316.6,0.62,394.0,307.2,5.70,8.1396
Deployment_1,20080312,0230,-50.74689,-38.44261,5.59,317.9,314.5,5.54,329.4,314.9,4.08,362.6,308.1,1.98,365.4,316.6,0.62,392.7,306.5,5.70,8.1397
Deployment_1,20080312,0300,-50.74751,-38.44159,5.59,317.5,313.8,5.57,327.6,315.1,4.18,362.4,308.6,2.43,363.5,315.5,0.86,387.2,312.8,5.70,8.1398
Deployment_1,20080312,0330,-50.74814,-38.44057,5.59,318.4,314.0,5.57,328.6,314.6,4.61,360.3,304.9,2.40,360.8,315.7,0.73,380.0,310.6,5.70,8.1397
Deployment_1,20080312,0400,-50.74876,-38.43956,5.59,318.6,314.0,5.57,327.2,315.3,4.56,359.6,305.9,2.35,360.3,315.4,0.73,383.1,311.3,5.70,8.1396
Deployment_1,20080312,0430,-50.74922,-38.43800,5.59,318.1,314.3,5.49,330.1,313.4,4.56,360.1,305.2,2.06,362.3,316.3,0.68,385.7,309.5,5.70,8.1399
Deployment_1,20080312,0500,-50.74969,-38.43645,5.59,318.3,314.9,5.57,329.2,314.7,4.13,361.6,307.4,2.03,364.9,317.1,0.62,385.7,309.7,5.70,8.1403
Deployment_1,20080312,0530,-50.75049,-38.43563,5.59,318.9,314.6,5.60,327.9,315.2,4.24,362.6,308.2,2.46,361.6,315.5,0.73,385.6,311.6,5.70,8.1401
Deployment_1,20080312,0600,-50.75129,-38.43482,5.59,318.8,314.8,5.57,327.2,315.0,4.45,360.8,306.3,2.35,359.9,315.6,0.97,383.6,312.8,5.70,8.1397
Deployment_1,20080312,0630,-50.75217,-38.43370,5.59,319.5,315.2,5.44,330.0,312.8,4.56,359.2,305.6,2.01,363.2,316.0,0.73,378.2,311.2,5.70,8.1400
Deployment_1,20080312,0700,-50.75304,-38.43258,5.59,319.7,315.0,5.54,328.5,314.5,4.48,359.5,306.2,1.98,365.1,316.4,0.70,383.4,311.5,5.70,8.1404
Deployment_1,20080312,0730,-50.75430,-38.43197,5.59,320.4,315.1,5.12,339.0,307.8,4.02,360.9,309.1,1.58,370.7,315.8,0.62,378.4,308.3,5.70,8.1404
Deployment_1,20080312,0800,-50.75557,-38.43137,5.59,321.2,315.2,5.33,334.3,311.1,3.60,363.9,311.1,1.69,371.7,315.8,0.62,387.7,308.8,5.70,8.1403
Deployment_1,20080312,0830,-50.75707,-38.43084,5.59,322.3,315.2,5.54,329.9,314.4,3.71,362.4,309.6,1.90,368.7,316.5,0.68,383.8,310.4,5.70,8.1398
Deployment_1,20080312,0900,-50.75856,-38.43031,5.59,323.2,315.2,5.36,330.6,312.2,4.26,362.1,307.4,1.24,372.7,316.6,0.62,385.1,309.4,5.70,8.1391
Deployment_2,20080313,2300,-50.87505,-38.23047,5.62,322.4,320.6,5.52,339.9,314.5,4.56,351.0,308.3,2.16,363.4,318.6,1.05,381.9,312.6,5.73,8.1334
Deployment_2,20080313,2330,-50.87577,-38.22956,5.62,322.0,320.5,5.52,337.9,314.4,4.95,346.1,310.1,2.56,362.4,317.4,1.24,381.1,316.1,5.73,8.1355
Deployment_2,20080314,0000,-50.87649,-38.22865,5.62,321.8,320.4,5.52,337.8,314.6,4.08,351.8,308.1,1.87,361.1,320.0,1.08,378.5,313.2,5.72,8.1377
Deployment_2,20080314,0030,-50.87809,-38.22876,5.62,322.1,319.8,5.52,338.6,314.4,4.10,355.8,307.3,1.85,363.0,319.6,1.16,382.9,315.7,5.72,8.1377
Deployment_2,20080314,0100,-50.87970,-38.22886,5.59,321.5,319.7,5.52,338.5,314.4,4.13,357.5,307.7,1.79,364.2,319.9,1.02,380.8,313.1,5.71,8.1373
Deployment_2,20080314,0130,-50.88170,-38.22924,5.59,321.6,319.6,5.54,337.6,314.6,4.40,354.8,309.0,1.79,364.7,319.1,1.10,382.4,313.6,5.71,8.1343
Deployment_2,20080314,0200,-50.88370,-38.22962,5.59,321.5,319.3,5.52,337.8,314.5,4.34,351.9,308.3,1.90,364.7,320.1,1.08,384.0,313.5,5.70,8.1310
Deployment_2,20080314,0230,-50.88664,-38.22912,5.59,321.8,319.0,5.52,337.5,314.4,4.61,348.3,309.6,2.03,363.6,318.7,1.13,384.2,313.9,5.70,8.1320
Deployment_2,20080314,0300,-50.88958,-38.22862,5.59,321.9,319.1,5.49,338.0,314.7,4.42,349.9,308.7,2.03,364.5,317.4,1.05,381.7,313.3,5.70,8.1336
Deployment_2,20080314,0330,-50.88993,-38.22283,5.56,322.4,319.1,5.46,337.5,314.1,4.16,354.0,308.1,1.74,365.3,319.1,0.86,392.2,305.8,5.69,8.1331
Deployment_2,20080314,0400,-50.89029,-38.21703,5.56,322.0,318.9,5.44,339.5,313.4,4.21,355.2,307.6,1.85,367.3,318.2,0.84,401.6,308.4,5.67,8.1323
Deployment_2,20080314,0430,-50.89201,-38.21258,5.54,321.9,319.5,5.49,338.0,313.8,5.11,342.4,311.8,2.19,364.7,317.5,1.08,395.8,313.4,5.66,8.1317
Deployment_2,20080314,0500,-50.89374,-38.20812,5.54,322.3,319.9,5.49,337.0,313.7,5.30,337.5,312.9,2.43,362.3,316.4,1.24,382.6,316.8,5.64,8.1312
Deployment_2,20080314,0530,-50.89426,-38.20482,5.51,322.5,320.4,5.46,337.9,314.1,5.14,338.8,312.1,2.32,362.6,318.3,1.26,378.6,314.2,5.62,8.1314
Deployment_2,20080314,0600,-50.89478,-38.20152,5.49,323.3,320.0,5.44,338.3,313.9,4.61,343.8,308.9,1.74,364.6,317.3,0.84,380.5,306.9,5.60,8.1317
Deployment_2,20080314,0630,-50.89600,-38.19751,5.49,323.4,320.7,5.44,338.8,313.8,5.01,342.1,311.4,1.79,367.7,317.5,0.89,397.1,311.0,5.60,8.1320
Deployment_2,20080314,0700,-50.89722,-38.19351,5.51,323.8,320.6,5.44,339.3,314.2,4.79,341.4,309.2,1.61,368.0,317.5,0.81,394.0,307.2,5.61,8.1323
Deployment_2,20080314,0730,-50.89805,-38.18995,5.51,324.0,320.5,5.41,340.3,313.8,5.19,339.5,312.9,1.82,367.8,318.9,0.89,399.3,310.3,5.61,8.1333
Deployment_2,20080314,0800,-50.89889,-38.18640,5.51,324.3,320.5,5.41,340.3,313.9,5.14,339.5,312.4,2.14,362.9,318.6,1.13,394.4,315.0,5.62,8.1345
Deployment_2,20080314,0830,-50.89625,-38.18302,5.51,324.5,319.8,5.41,340.7,313.9,5.22,340.1,313.9,2.03,361.1,319.3,1.00,380.9,313.6,5.62,8.1328
Deployment_2,20080314,0900,-50.89361,-38.17964,5.49,324.6,319.9,5.46,339.9,313.9,5.03,339.5,311.1,2.16,361.7,319.7,0.92,387.7,312.7,5.61,8.1306
Deployment_2,20080314,0930,-50.89761,-38.16892,5.49,325.3,319.7,5.49,339.5,313.9,5.25,338.3,313.4,2.62,361.2,315.5,1.34,382.8,316.1,5.60,8.1298
Deployment_2,20080314,1000,-50.90160,-38.15819,5.49,326.2,319.7,5.41,339.3,313.9,4.77,339.4,309.1,2.35,359.5,318.0,1.24,378.6,316.5,5.59,8.1291
Deployment_2,20080314,1030,-50.90051,-38.16371,5.49,326.8,318.8,5.49,338.5,313.9,5.19,336.0,311.5,2.54,360.7,316.3,1.39,379.7,316.9,5.60,8.1301
Deployment_2,20080314,1100,-50.89941,-38.16923,5.51,326.9,318.1,5.46,338.8,314.0,5.22,335.3,312.5,2.70,360.7,315.2,1.58,371.3,316.9,5.62,8.1312
Deployment_2,20080314,1130,-50.90122,-38.16764,5.51,327.3,317.8,5.49,338.9,313.8,5.41,333.1,314.1,2.59,360.4,315.2,1.45,371.1,317.4,5.63,8.1310
Deployment_2,20080314,1200,-50.90302,-38.16604,5.54,327.1,317.0,5.49,338.2,314.0,4.37,345.8,308.5,2.11,362.6,315.8,1.18,372.9,316.6,5.64,8.1306
Deployment_2,20080314,1230,-50.90416,-38.16326,5.54,327.4,316.6,5.49,337.8,314.2,4.29,358.6,308.0,1.93,367.1,317.2,1.02,375.2,316.4,5.65,8.1313
Deployment_2,20080314,1300,-50.90529,-38.16048,5.56,327.2,316.4,5.52,337.8,314.0,4.53,352.4,308.1,2.19,366.2,316.5,1.18,379.5,317.1,5.67,8.1323
Deployment_2,20080314,1330,-50.90571,-38.15851,5.56,327.0,316.3,5.52,336.8,314.1,4.74,342.5,310.8,2.24,363.0,315.7,1.13,375.1,316.9,5.68,8.1325
Deployment_2,20080314,1400,-50.90612,-38.15653,5.59,327.7,316.1,5.54,337.3,314.1,4.50,343.2,308.6,1.98,364.9,317.2,1.00,379.4,315.9,5.70,8.1326
Deployment_2,20080314,1430,-50.90605,-38.15425,5.59,327.2,316.0,5.54,337.4,314.2,4.10,357.9,306.9,2.14,367.0,316.9,1.08,382.0,317.1,5.69,8.1318
Deployment_2,20080314,1500,-50.90598,-38.15198,5.56,326.9,315.9,5.60,337.4,313.9,5.22,340.1,310.3,2.51,361.2,315.3,1.16,376.5,316.4,5.68,8.1309
Deployment_2,20080314,1530,-50.90667,-38.14991,5.56,327.0,315.9,5.54,336.9,314.0,5.27,334.1,310.9,2.75,360.4,313.9,1.31,375.9,317.3,5.69,8.1298
Deployment_2,20080314,1600,-50.90736,-38.14784,5.56,326.5,315.5,5.57,335.8,314.0,5.46,334.0,313.6,2.86,359.8,314.1,1.00,376.6,315.8,5.70,8.1287
Deployment_2,20080314,1630,-50.90710,-38.14526,5.56,326.5,316.2,5.57,335.8,314.1,5.30,334.4,312.1,2.67,359.8,314.8,0.92,384.7,314.7,5.69,8.1292
Deployment_2,20080314,1700,-50.90683,-38.14268,5.56,326.6,316.0,5.57,334.8,314.0,5.56,338.9,314.1,2.11,364.9,316.5,0.81,387.9,311.1,5.67,8.1298
Deployment_2,20080314,1730,-50.90714,-38.14060,5.54,326.6,316.1,5.54,334.9,313.9,4.90,334.4,309.2,1.58,365.8,316.9,0.73,394.6,305.3,5.66,8.1304
Deployment_2,20080314,1800,-50.90744,-38.13851,5.54,326.3,316.3,5.54,335.1,314.0,5.43,332.8,313.1,2.46,364.5,315.9,0.92,402.8,313.6,5.65,8.1309
Deployment_2,20080314,1830,-50.90777,-38.13676,5.54,325.0,316.4,5.57,333.7,314.0,4.42,345.7,307.7,2.06,364.2,315.8,0.89,387.3,313.4,5.65,8.1286
Deployment_2,20080314,1900,-50.90809,-38.13500,5.54,325.6,316.2,5.54,334.1,313.6,4.40,348.4,309.4,1.63,368.0,318.0,0.97,389.1,314.6,5.64,8.1258
Deployment_2,20080314,1930,-50.90843,-38.13355,5.54,325.2,316.3,5.54,333.8,313.9,5.14,347.6,310.5,2.09,368.8,316.3,1.08,385.2,316.9,5.64,8.1292
Deployment_2,20080314,2000,-50.90877,-38.13210,5.54,325.0,316.4,5.54,334.3,313.9,5.35,336.5,312.5,2.38,363.4,316.6,1.02,380.5,316.3,5.64,8.1334
Deployment_2,20080314,2030,-50.90838,-38.12950,5.54,324.8,316.3,5.54,334.4,313.8,5.46,331.5,313.8,2.35,361.2,316.3,1.10,382.6,316.7,5.64,8.1323
Deployment_2,20080314,2100,-50.90800,-38.12690,5.51,324.0,316.6,5.54,333.6,313.8,5.49,330.0,314.1,2.32,362.4,316.4,1.18,379.3,317.3,5.63,8.1304
Deployment_2,20080314,2130,-50.90823,-38.12531,5.51,324.3,316.4,5.54,334.8,313.7,5.14,329.9,311.4,2.27,363.6,316.0,1.16,375.9,316.9,5.63,8.1301
Deployment_2,20080314,2200,-50.90845,-38.12373,5.51,324.7,316.3,5.52,334.3,313.7,4.71,337.2,306.2,2.43,364.2,314.5,1.55,374.5,319.3,5.62,8.1300
Deployment_2,20080314,2230,-50.90881,-38.12183,5.51,324.0,316.6,5.54,333.5,313.4,4.69,339.9,307.6,2.51,364.0,314.5,1.37,372.0,317.6,5.62,8.1308
Deployment_2,20080314,2300,-50.90916,-38.11994,5.51,323.9,316.2,5.52,333.7,313.5,4.87,337.6,309.0,2.35,365.0,315.3,1.21,374.2,317.5,5.62,8.1318
Deployment_2,20080314,2330,-50.90896,-38.11784,5.51,323.8,316.4,5.52,333.3,313.3,5.06,331.3,308.9,2.06,363.8,316.3,1.31,375.7,317.5,5.62,8.1317
Deployment_2,20080315,0000,-50.90876,-38.11574,5.51,323.4,316.3,5.52,333.6,313.3,5.46,330.8,313.4,2.22,367.0,315.5,1.21,372.7,317.4,5.62,8.1316
Deployment_2,20080315,0030,-50.90893,-38.11353,5.51,323.8,316.4,5.52,333.2,313.3,5.49,330.8,313.6,2.59,364.7,312.7,1.39,372.4,318.3,5.62,8.1330
Deployment_2,20080315,0100,-50.90909,-38.11133,5.51,323.7,316.4,5.52,333.6,313.2,5.54,330.1,313.7,2.62,363.4,313.2,1.24,374.0,315.2,5.62,8.1346
Deployment_2,20080315,0130,-50.90916,-38.10832,5.51,322.9,316.4,5.52,333.2,313.1,5.56,329.3,314.0,2.83,363.5,312.5,1.34,379.9,314.5,5.62,8.1364
Deployment_2,20080315,0200,-50.90924,-38.10532,5.51,322.6,316.5,5.52,333.1,313.0,5.54,329.0,313.7,2.51,362.9,313.5,1.37,378.6,315.2,5.62,8.1382
Deployment_2,20080315,0230,-50.90842,-38.10269,5.51,322.2,316.6,5.52,332.7,312.9,5.51,328.6,313.6,2.72,364.1,313.2,1.21,380.0,315.5,5.62,8.1350
Deployment_2,20080315,0300,-50.90760,-38.10006,5.51,322.7,316.5,5.52,332.5,312.9,5.14,330.3,308.9,2.48,363.7,314.0,1.13,381.0,315.1,5.62,8.1310
Deployment_2,20080315,0330,-50.90665,-38.09813,5.51,323.0,316.8,5.52,332.4,312.9,5.54,329.5,313.2,2.38,366.1,315.2,1.34,382.0,316.6,5.62,8.1295
Deployment_2,20080315,0400,-50.90569,-38.09621,5.51,322.9,316.4,5.54,332.7,312.8,5.56,327.4,313.7,2.40,366.5,314.9,1.39,384.0,317.1,5.62,8.1282
Deployment_2,20080315,0430,-50.90511,-38.09498,5.54,322.6,317.5,5.54,332.3,312.7,5.43,325.9,312.5,2.22,366.0,315.7,1.47,386.0,316.9,5.64,8.1313
Deployment_2,20080315,0500,-50.90452,-38.09376,5.56,322.6,317.1,5.54,332.0,312.3,5.56,325.9,312.7,2.48,366.0,314.8,1.21,388.0,314.6,5.66,8.1349
Deployment_2,20080315,0530,-50.90393,-38.09254,5.56,321.3,317.6,5.60,331.9,312.1,5.22,327.6,310.8,2.06,373.0,316.7,1.10,390.0,313.7,5.69,8.1322
Deployment_2,20080315,0600,-50.90335,-38.09131,5.62,321.2,317.6,5.57,331.8,312.1,4.42,344.2,307.3,2.70,373.5,313.2,1.37,391.0,317.0,5.72,8.1282
Deployment_2,20080315,0647,-50.90290,-38.09030,5.62,321.2,317.7,5.62,332.4,312.0,4.90,342.5,309.6,2.91,374.2,311.9,1.42,393.0,316.1,5.72,8.1282
Deployment_2,20080315,0730,-50.90245,-38.08929,5.64,321.2,317.9,5.65,331.0,311.5,4.74,345.0,308.5,2.75,373.7,312.7,1.18,395.0,315.4,5.75,8.1300
Deployment_2,20080315,0800,-50.90260,-38.08873,5.64,323.8,317.8,5.65,331.5,311.5,4.56,346.7,307.5,2.35,375.6,314.8,1.08,397.0,313.8,5.78,8.1321
Deployment_2,20080315,0830,-50.90275,-38.08817,5.67,324.0,318.4,5.70,330.0,310.7,4.61,345.1,308.8,2.22,376.6,315.5,1.02,398.0,313.5,5.82,8.1328
Deployment_2,20080315,0900,-50.90298,-38.08719,5.75,324.6,317.7,5.76,331.0,310.7,4.40,348.2,307.9,2.14,376.9,317.5,0.97,399.0,313.9,5.86,8.1333
Deployment_2,20080315,0930,-50.90321,-38.08621,5.78,324.8,317.6,5.76,330.8,310.3,5.06,344.3,308.5,2.43,372.9,314.8,1.02,400.0,313.9,5.87,8.1324
Deployment_2,20080315,1000,-50.90369,-38.08429,5.78,324.0,317.2,5.78,332.7,310.2,5.43,336.0,310.1,2.27,373.8,315.5,0.97,401.8,313.9,5.89,8.1312
Deployment_2,20080315,1030,-50.90417,-38.08236,5.78,323.7,317.0,5.78,332.3,310.1,4.98,335.4,306.4,2.70,372.6,312.1,1.00,398.5,314.1,5.90,8.1312
Deployment_2,20080315,1100,-50.90468,-38.08019,5.80,323.6,317.0,5.81,332.3,310.2,4.77,341.6,307.9,3.17,367.7,309.9,1.47,393.1,316.3,5.91,8.1314
Deployment_2,20080315,1130,-50.90519,-38.07802,5.80,323.6,316.9,5.78,331.6,310.2,5.70,333.6,309.6,2.94,366.0,311.9,1.21,385.0,316.9,5.92,8.1294
Deployment_2,20080315,1200,-50.90615,-38.07515,5.80,324.7,316.7,5.73,331.0,309.9,5.67,329.7,311.1,2.72,370.4,310.3,1.13,384.9,316.3,5.94,8.1271
Deployment_2,20080315,1230,-50.90710,-38.07229,5.83,324.3,316.7,5.70,331.4,310.7,4.66,336.0,307.6,2.86,370.3,312.8,1.26,385.5,317.1,5.94,8.1287
Deployment_2,20080315,1300,-50.90760,-38.06920,5.83,324.4,316.4,5.78,331.3,310.4,4.71,339.9,307.2,2.86,367.8,311.4,1.26,385.7,315.8,5.94,8.1307
Deployment_2,20080315,1330,-50.90810,-38.06610,5.83,324.1,316.2,5.70,330.4,310.4,5.35,334.8,310.3,2.48,372.8,312.8,1.18,386.5,315.1,5.94,8.1311
Deployment_2,20080315,1400,-50.90826,-38.06365,5.83,324.0,315.9,5.70,329.2,310.8,5.38,335.6,311.8,2.72,372.5,312.0,1.21,392.4,313.9,5.95,8.1312
Deployment_2,20080315,1430,-50.90842,-38.06119,5.86,324.3,315.7,5.73,330.9,310.4,5.46,334.2,312.1,2.91,369.2,311.6,1.31,394.2,313.7,5.97,8.1313
Deployment_2,20080315,1500,-50.90867,-38.05889,5.86,324.3,315.6,5.86,330.1,311.0,5.43,332.8,312.2,3.20,366.2,310.4,1.55,393.2,313.6,5.99,8.1313
Deployment_2,20080315,1530,-50.90892,-38.05658,6.02,326.6,316.9,5.78,330.6,310.5,5.43,330.2,311.6,3.01,364.8,311.3,1.45,383.7,314.1,6.06,8.1316
Deployment_2,20080315,1600,-50.90940,-38.05378,6.02,327.8,317.0,5.84,330.0,310.5,5.49,328.8,312.2,3.28,364.2,309.3,1.61,389.7,314.0,6.14,8.1319
Deployment_2,20080315,1630,-50.90988,-38.05097,6.04,327.6,317.3,5.81,330.5,310.5,5.54,328.6,312.7,3.07,365.0,310.7,1.34,380.4,315.9,6.16,8.1298
Deployment_2,20080315,1700,-50.91050,-38.04852,6.04,327.3,316.9,5.76,331.5,310.1,5.51,329.5,313.4,3.04,363.9,310.7,1.42,384.7,316.5,6.17,8.1274
Deployment_2,20080315,1730,-50.91112,-38.04607,6.04,327.3,316.7,5.78,331.6,310.2,5.33,330.8,311.0,2.86,365.0,310.8,1.42,383.0,316.2,6.17,8.1279
Deployment_2,20080315,1800,-50.91150,-38.04433,6.07,327.1,316.7,5.73,331.0,310.4,4.93,336.0,305.3,2.59,370.1,311.3,1.26,378.7,316.7,6.16,8.1287
Deployment_2,20080315,1830,-50.91188,-38.04259,6.02,326.4,316.3,5.65,329.4,311.5,4.87,341.0,305.0,2.24,374.5,311.9,1.26,383.6,316.7,6.13,8.1282
Deployment_2,20080315,1900,-50.91259,-38.04131,5.99,326.1,315.9,5.65,328.6,312.0,4.56,348.2,304.6,2.59,374.6,310.9,1.42,380.7,317.0,6.10,8.1276
Deployment_2,20080315,1930,-50.91329,-38.04003,5.96,324.8,315.7,5.60,329.5,311.2,4.40,352.2,305.2,2.56,371.9,309.9,1.31,379.8,316.8,6.07,8.1283
Deployment_2,20080315,2000,-50.91365,-38.03853,5.94,325.1,316.1,5.60,330.2,310.9,4.53,351.7,305.3,2.38,375.6,312.2,1.21,378.2,316.7,6.04,8.1292
Deployment_2,20080315,2030,-50.91401,-38.03703,5.94,324.1,315.2,5.84,331.9,310.1,4.34,353.4,305.9,2.86,369.3,312.0,1.42,381.6,316.6,6.06,8.1298
Deployment_2,20080315,2100,-50.91455,-38.03515,5.94,324.0,316.5,5.76,332.0,309.7,5.33,345.1,307.2,3.09,366.2,311.2,1.53,379.0,316.5,6.08,8.1304
Deployment_2,20080315,2130,-50.91510,-38.03328,5.99,324.7,316.5,5.84,332.1,309.7,5.01,347.9,302.6,3.17,362.5,310.0,1.66,379.1,313.9,6.10,8.1297
Deployment_2,20080315,2200,-50.91566,-38.03238,5.99,325.0,316.3,5.76,330.7,310.4,5.14,348.1,302.8,3.01,364.1,310.9,1.42,376.9,316.1,6.12,8.1287
Deployment_2,20080315,2230,-50.91623,-38.03148,5.94,323.9,316.1,5.78,331.7,309.3,4.82,350.3,302.8,2.78,367.7,310.2,1.24,379.8,316.7,6.10,8.1287
Deployment_2,20080315,2300,-50.91725,-38.03002,5.94,323.4,313.9,5.81,330.8,310.4,4.71,351.9,304.0,2.54,375.7,310.3,1.13,382.7,315.4,6.07,8.1289
Deployment_2,20080315,2330,-50.91826,-38.02856,5.91,323.2,316.4,5.81,329.3,310.4,5.03,351.5,303.3,2.46,376.4,310.9,1.10,385.8,315.0,6.02,8.1300
Deployment_2,20080316,0000,-50.91903,-38.02604,5.83,322.0,316.3,5.84,328.7,310.5,4.71,352.0,303.6,2.78,373.3,312.9,1.29,387.8,317.0,5.96,8.1312
Deployment_2,20080316,0030,-50.91980,-38.02353,5.78,322.0,316.5,5.78,329.1,311.0,5.03,345.0,302.7,2.91,369.2,311.9,1.37,381.2,317.0,5.92,8.1289
Deployment_2,20080316,0100,-50.92142,-38.02180,5.78,323.0,317.3,5.65,332.3,308.4,5.14,338.9,302.5,3.04,366.1,311.2,1.24,381.5,314.2,5.88,8.1260
Deployment_2,20080316,0130,-50.92303,-38.02008,5.75,320.9,316.0,5.76,331.8,311.0,5.59,340.3,308.3,3.23,364.6,310.7,1.47,385.3,316.7,5.86,8.1279
Deployment_2,20080316,0200,-50.92512,-38.01778,5.72,321.8,315.0,5.73,331.5,310.4,5.03,339.4,303.0,3.01,363.9,310.8,1.47,376.4,316.8,5.83,8.1304
Deployment_2,20080316,0230,-50.92722,-38.01548,5.70,322.4,315.3,5.70,331.2,311.0,5.62,337.2,308.8,3.20,364.0,310.8,1.55,377.6,316.4,5.81,8.1310
Deployment_2,20080316,0300,-50.92931,-38.01318,5.67,322.2,315.2,5.65,329.8,311.5,5.56,335.1,308.0,3.89,359.0,304.9,1.85,376.1,315.5,5.78,8.1315
Deployment_2,20080316,0330,-50.93004,-38.01107,5.62,321.9,315.3,5.62,329.8,311.8,5.27,339.3,305.1,2.78,359.5,311.6,1.47,372.5,316.4,5.74,8.1308
Deployment_2,20080316,0400,-50.93129,-38.00681,5.59,322.8,315.6,5.60,331.5,311.5,5.33,343.2,306.5,3.17,363.9,310.5,1.47,377.4,316.4,5.70,8.1300
Deployment_2,20080316,0430,-50.93254,-38.00254,5.56,322.6,315.6,5.54,330.7,311.6,5.35,341.2,307.3,3.12,361.1,312.2,1.26,381.8,315.0,5.67,8.1299
Deployment_2,20080316,0500,-50.93386,-37.99847,5.54,323.5,315.6,5.54,330.3,312.0,5.51,333.8,311.3,3.33,362.1,309.6,1.53,384.2,316.2,5.64,8.1299
Deployment_2,20080316,0530,-50.93519,-37.99439,5.54,324.4,315.9,5.52,330.0,311.7,5.54,329.3,312.3,2.75,361.3,312.7,1.37,375.2,317.0,5.63,8.1305
Deployment_2,20080316,0600,-50.93593,-37.99036,5.51,323.6,315.7,5.52,330.3,311.8,5.56,329.4,312.9,3.52,362.6,308.6,1.82,379.5,314.3,5.62,8.1312
Deployment_2,20080316,0630,-50.93666,-37.98632,5.51,323.9,316.0,5.52,330.3,311.6,5.54,330.2,312.3,3.25,359.1,307.9,1.90,377.0,313.8,5.62,8.1309
Deployment_2,20080316,0700,-50.93686,-37.98219,5.51,324.6,316.0,5.52,330.7,311.7,5.54,327.3,312.6,2.88,359.2,310.0,1.66,376.6,313.6,5.62,8.1306
Deployment_2,20080316,0730,-50.93707,-37.97807,5.49,325.0,316.0,5.52,330.2,311.7,5.51,328.4,312.8,2.83,364.1,310.9,1.79,375.7,314.0,5.62,8.1301
Deployment_2,20080316,0800,-50.93722,-37.97410,5.49,324.9,316.2,5.52,330.3,311.6,5.41,329.4,310.4,2.83,362.9,311.6,1.85,377.3,313.8,5.61,8.1295
Deployment_2,20080316,0830,-50.93737,-37.97014,5.49,324.5,316.2,5.49,331.1,311.7,4.74,334.3,305.4,2.40,364.1,312.6,1.55,369.9,314.4,5.60,8.1288
Deployment_2,20080316,0900,-50.93735,-37.96569,5.49,325.9,316.1,5.46,331.2,311.2,4.90,338.6,306.7,2.38,365.3,312.1,1.58,379.1,314.6,5.59,8.1280
Deployment_2,20080316,0930,-50.93733,-37.96125,5.49,325.4,316.1,5.46,331.3,311.4,4.85,344.1,304.6,2.80,366.3,312.0,1.90,377.4,313.6,5.59,8.1281
Deployment_2,20080316,1000,-50.93690,-37.95695,5.49,325.6,316.8,5.49,330.3,311.0,4.98,344.4,306.4,2.91,362.2,311.0,2.09,371.2,313.7,5.59,8.1284
Deployment_2,20080316,1030,-50.93647,-37.95265,5.49,326.3,316.0,5.49,331.3,311.5,5.38,336.6,310.8,3.23,362.6,309.3,2.03,372.9,313.8,5.59,8.1287
Deployment_2,20080316,1100,-50.93604,-37.94835,5.49,327.2,316.0,5.49,332.9,311.3,5.41,331.8,310.5,3.20,360.4,309.8,2.11,368.0,313.3,5.59,8.1290
Deployment_2,20080316,1130,-50.93561,-37.94405,5.49,326.4,316.2,5.49,332.6,311.5,5.38,334.3,309.9,3.20,359.6,310.0,2.09,364.3,313.4,5.59,8.1286
Deployment_2,20080316,1200,-50.93522,-37.94063,5.49,327.2,315.9,5.49,332.1,311.3,5.49,331.0,310.8,4.05,358.3,305.1,2.19,374.0,313.0,5.59,8.1282
Deployment_2,20080316,1230,-50.93484,-37.93720,5.49,327.2,316.2,5.49,332.5,311.2,5.49,329.1,310.9,3.55,358.1,308.3,2.11,365.6,313.6,5.59,8.1279
Deployment_2,20080316,1300,-50.93499,-37.93461,5.49,327.5,316.0,5.49,332.7,310.9,5.43,331.2,310.5,3.49,359.6,309.0,1.87,367.5,314.5,5.59,8.1277
Deployment_2,20080316,1330,-50.93514,-37.93202,5.49,327.5,315.7,5.49,332.5,311.2,5.22,335.9,307.1,2.54,362.0,311.4,1.39,373.3,314.0,5.59,8.1280
Deployment_2,20080316,1400,-50.93481,-37.93054,5.49,327.9,315.4,5.49,333.4,311.4,5.46,332.8,310.9,2.83,365.7,312.0,1.45,378.2,314.1,5.60,8.1284
Deployment_2,20080316,1430,-50.93448,-37.92907,5.49,328.2,315.8,5.49,332.7,311.3,5.49,330.9,310.5,3.23,360.5,308.7,1.47,378.7,314.5,5.61,8.1288
Deployment_2,20080316,1500,-50.93568,-37.92838,5.49,328.5,315.3,5.49,332.1,311.1,5.49,330.7,310.6,2.88,360.1,311.1,1.37,375.1,314.1,5.62,8.1292
Deployment_2,20080316,1530,-50.93689,-37.92769,5.51,328.5,315.4,5.52,332.3,311.4,5.51,329.8,311.2,3.01,363.5,311.4,1.47,378.2,314.6,5.62,8.1294
Deployment_2,20080316,1600,-50.93809,-37.92700,5.51,329.1,315.2,5.52,332.7,311.0,5.54,329.7,312.1,3.28,364.2,309.7,1.29,376.0,313.6,5.63,8.1296
Deployment_2,20080316,1630,-50.93929,-37.92631,5.54,329.3,315.2,5.52,332.2,311.0,5.54,328.1,311.7,3.15,359.7,310.3,1.55,380.8,314.5,5.63,8.1293
Deployment_2,20080316,1700,-50.94072,-37.92517,5.54,329.5,315.1,5.54,332.6,311.5,5.56,330.4,311.9,3.04,362.5,309.2,1.29,372.7,314.1,5.64,8.1291
Deployment_2,20080316,1730,-50.94215,-37.92403,5.51,329.8,315.3,5.52,332.7,311.1,5.54,330.4,311.1,2.54,365.2,310.8,1.24,378.9,314.0,5.64,8.1292
Deployment_2,20080316,1800,-50.94379,-37.92264,5.54,329.8,314.9,5.54,331.2,311.2,5.56,330.4,311.2,3.04,362.9,310.8,1.24,382.8,313.7,5.65,8.1293
Deployment_2,20080316,1830,-50.94544,-37.92125,5.54,329.4,314.9,5.54,331.7,311.0,5.56,329.9,311.6,3.68,363.6,305.1,1.55,381.2,314.3,5.65,8.1291
Deployment_2,20080316,1900,-50.94712,-37.91851,5.54,329.3,314.7,5.54,332.0,311.6,5.56,330.2,311.5,3.20,361.2,309.0,1.53,379.6,314.5,5.65,8.1288
Deployment_2,20080316,1930,-50.94880,-37.91577,5.54,328.7,314.2,5.54,331.8,311.7,5.59,330.0,312.2,3.28,361.7,308.3,1.90,380.7,313.8,5.65,8.1294
Deployment_2,20080316,2000,-50.95048,-37.91303,5.54,328.1,315.3,5.54,331.3,311.9,4.93,340.7,304.9,3.15,360.6,309.4,1.63,373.2,314.4,5.64,8.1300
Deployment_2,20080316,2030,-50.95216,-37.91029,5.54,327.8,315.0,5.52,330.6,311.0,5.35,341.5,307.8,3.39,361.2,309.8,1.66,377.9,315.0,5.64,8.1295
Deployment_2,20080316,2100,-50.95342,-37.90655,5.54,327.3,315.1,5.54,331.5,311.5,4.90,343.7,304.3,3.33,358.6,309.8,1.85,376.7,314.1,5.63,8.1289
Deployment_2,20080316,2130,-50.95468,-37.90280,5.51,327.0,315.1,5.54,331.4,311.6,5.01,344.8,305.3,3.28,359.0,309.0,1.87,375.1,313.7,5.63,8.1293
Deployment_2,20080316,2200,-50.95517,-37.89862,5.51,326.7,315.3,5.52,330.4,311.5,4.95,342.6,304.5,3.17,360.3,309.6,2.03,371.9,313.5,5.62,8.1299
Deployment_2,20080316,2230,-50.95566,-37.89445,5.51,327.4,315.7,5.52,331.6,311.5,4.93,339.6,304.2,2.94,362.3,309.8,2.01,372.6,314.0,5.62,8.1289
Deployment_2,20080316,2300,-50.95623,-37.89145,5.51,326.8,315.3,5.52,329.4,311.4,5.09,341.0,305.6,2.80,362.9,310.5,1.85,369.6,314.3,5.61,8.1278
Deployment_2,20080316,2330,-50.95680,-37.88844,5.49,326.6,315.7,5.52,330.5,311.3,5.03,338.6,304.9,2.56,363.2,312.1,1.74,369.2,314.3,5.61,8.1277
Deployment_2,20080317,0000,-50.95645,-37.88517,5.49,326.6,315.5,5.49,330.4,311.2,5.43,336.2,309.4,2.46,364.3,311.3,1.82,373.7,314.0,5.61,8.1276
Deployment_2,20080317,0030,-50.95610,-37.88190,5.49,326.3,315.7,5.49,330.4,311.3,5.51,331.4,311.5,3.04,367.3,310.5,1.77,374.6,315.0,5.60,8.1281
Deployment_2,20080317,0100,-50.95637,-37.87908,5.49,326.7,316.0,5.49,331.0,311.2,5.51,330.9,311.1,2.54,366.7,314.0,1.61,372.9,314.3,5.59,8.1286
Deployment_2,20080317,0130,-50.95664,-37.87626,5.49,326.2,316.0,5.49,331.2,311.5,5.54,330.5,311.9,3.09,365.7,308.8,1.61,378.1,314.4,5.59,8.1292
Deployment_2,20080317,0200,-50.95677,-37.87453,5.49,326.6,315.8,5.49,331.4,311.1,5.54,330.3,312.0,3.04,360.5,308.6,1.58,377.9,314.4,5.59,8.1298
Deployment_2,20080317,0230,-50.95690,-37.87280,5.49,326.9,315.4,5.49,331.1,311.4,5.51,328.7,311.8,2.96,363.1,309.4,1.47,379.7,315.3,5.59,8.1294
Deployment_2,20080317,0300,-50.95715,-37.87098,5.49,326.6,316.0,5.49,331.6,311.3,5.54,329.9,312.2,2.96,364.6,309.9,1.55,379.6,315.4,5.59,8.1289
Deployment_2,20080317,0330,-50.95741,-37.86915,5.49,327.2,316.0,5.49,331.0,311.1,5.51,330.2,311.3,2.70,363.6,310.6,1.26,378.3,315.3,5.59,8.1282
Deployment_2,20080317,0400,-50.95790,-37.86785,5.49,327.0,315.7,5.49,331.9,311.1,5.51,330.4,311.5,2.75,365.9,310.7,1.31,380.0,315.7,5.59,8.1276
Deployment_2,20080317,0430,-50.95840,-37.86654,5.49,327.3,315.8,5.49,331.4,311.0,5.54,330.2,311.8,2.80,364.7,310.6,1.42,381.3,314.9,5.59,8.1279
Deployment_2,20080317,0500,-50.95895,-37.86525,5.49,326.8,316.1,5.49,331.6,311.0,5.54,330.0,311.5,2.94,365.5,310.5,1.69,381.0,314.5,5.59,8.1284
Deployment_2,20080317,0530,-50.95950,-37.86396,5.49,327.0,316.0,5.52,332.4,310.6,5.51,330.4,311.3,3.01,362.7,309.8,1.63,378.4,314.5,5.59,8.1285
Deployment_2,20080317,0600,-50.96018,-37.86258,5.49,327.2,315.8,5.49,331.6,310.9,5.54,329.6,311.7,3.68,360.6,305.2,1.79,379.9,313.7,5.59,8.1286
Deployment_2,20080317,0630,-50.96086,-37.86120,5.49,327.1,316.4,5.49,331.4,310.9,5.51,329.9,311.2,2.94,358.9,310.0,1.26,377.2,315.2,5.60,8.1282
Deployment_2,20080317,0700,-50.96164,-37.85921,5.49,327.6,316.4,5.49,330.1,310.5,5.49,331.8,310.5,2.94,362.6,310.8,0.94,384.7,313.8,5.61,8.1279
Deployment_2,20080317,0730,-50.96241,-37.85722,5.49,328.1,316.4,5.49,330.7,310.5,5.51,332.1,310.8,3.12,364.1,309.7,1.08,390.5,314.5,5.61,8.1283
Deployment_2,20080317,0800,-50.96375,-37.85493,5.49,325.6,316.3,5.49,329.4,310.9,5.51,331.1,311.1,3.44,362.0,307.1,1.74,386.3,314.9,5.60,8.1288
Deployment_2,20080317,0830,-50.96509,-37.85264,5.49,327.7,316.3,5.52,330.7,310.7,5.51,335.7,311.0,2.96,361.8,310.1,1.37,379.3,314.9,5.61,8.1287
Deployment_2,20080317,0900,-50.96594,-37.85004,5.49,328.4,316.4,5.52,330.5,310.7,5.49,331.2,310.0,3.04,364.6,310.2,1.63,381.5,314.5,5.62,8.1286
Deployment_2,20080317,0930,-50.96680,-37.84745,5.51,328.1,316.2,5.52,330.6,310.5,5.54,330.1,311.0,2.88,362.8,310.2,1.71,378.4,314.3,5.71,8.1274
Deployment_2,20080317,1000,-50.96744,-37.84472,5.72,329.4,317.7,5.57,331.7,310.1,5.56,330.5,310.7,2.99,363.2,310.2,1.66,379.2,314.2,5.82,8.1261
Deployment_2,20080317,1030,-50.96808,-37.84200,5.72,329.3,317.3,5.54,330.5,310.3,5.33,336.6,309.4,2.56,363.3,312.3,1.31,377.5,314.4,5.85,8.1264
Deployment_2,20080317,1100,-50.96831,-37.83813,5.75,329.9,317.1,5.57,330.7,310.2,5.56,331.6,311.0,3.25,365.3,308.8,1.79,385.1,314.0,5.87,8.1269
Deployment_2,20080317,1130,-50.96855,-37.83426,5.80,330.2,316.8,5.54,330.8,310.4,5.56,330.5,311.1,3.12,363.6,310.2,1.74,376.8,314.2,5.90,8.1273
Deployment_2,20080317,1200,-50.96848,-37.83132,5.80,329.6,316.6,5.57,331.2,310.3,5.56,330.6,311.0,3.73,361.9,306.0,1.74,376.9,314.2,5.93,8.1277
Deployment_2,20080317,1230,-50.96841,-37.82838,5.80,329.5,316.7,5.54,331.7,310.3,5.56,330.7,311.1,3.01,362.6,309.4,1.74,379.7,314.4,5.93,8.1275
Deployment_2,20080317,1300,-50.96844,-37.82599,5.83,330.3,316.4,5.57,332.1,310.4,5.54,331.0,310.8,2.94,364.8,310.2,1.63,376.3,314.5,5.94,8.1273
Deployment_2,20080317,1330,-50.96847,-37.82360,5.86,330.3,317.1,5.54,331.1,310.3,5.54,330.8,311.4,2.99,365.5,309.8,1.74,377.0,314.2,5.96,8.1281
Deployment_2,20080317,1400,-50.96870,-37.82263,5.83,329.7,316.7,5.54,331.5,310.1,5.56,330.8,311.1,2.80,366.0,311.7,1.58,377.9,315.5,5.99,8.1290
Deployment_2,20080317,1430,-50.96894,-37.82167,5.99,329.9,315.8,5.54,331.2,310.4,5.54,331.3,311.0,2.35,367.1,312.0,1.13,378.5,315.7,6.07,8.1274
Deployment_2,20080317,1500,-50.96982,-37.82001,5.99,329.9,315.6,5.54,331.2,310.4,5.54,330.7,311.0,2.78,367.4,309.4,1.26,384.2,315.7,6.16,8.1253
Deployment_2,20080317,1530,-50.97071,-37.81835,6.02,330.1,315.6,5.54,331.3,310.9,5.54,330.2,311.2,2.51,366.9,312.0,1.29,382.5,315.7,6.21,8.1251
Deployment_2,20080317,1600,-50.97192,-37.81672,6.02,329.7,315.2,5.54,331.2,310.5,5.54,331.0,311.3,3.01,366.4,308.4,1.58,384.3,314.2,6.25,8.1251
Deployment_2,20080317,1630,-50.97313,-37.81510,5.99,329.2,315.0,5.52,331.0,310.6,5.51,331.7,311.2,2.72,365.3,310.2,1.39,379.9,315.2,6.23,8.1262
Deployment_2,20080317,1700,-50.97465,-37.81292,5.99,329.2,314.9,5.52,330.7,311.1,5.51,331.9,311.0,3.65,364.7,305.9,1.42,385.9,315.3,6.20,8.1274
Deployment_2,20080317,1730,-50.97618,-37.81074,6.02,329.1,315.3,5.49,330.3,310.9,5.49,332.8,311.2,3.04,364.5,309.1,1.37,381.0,315.5,6.18,8.1281
Deployment_2,20080317,1800,-50.97806,-37.80768,6.04,330.6,315.2,5.49,330.9,310.9,5.49,333.0,311.6,3.25,367.0,308.6,1.29,381.8,315.4,6.15,8.1287
Deployment_2,20080317,1830,-50.97994,-37.80462,5.99,329.1,314.6,5.49,331.1,311.0,5.49,332.6,311.4,3.57,364.1,306.1,1.34,382.9,315.4,6.13,8.1288
Deployment_2,20080317,1900,-50.98183,-37.80156,5.94,328.2,315.0,5.49,331.3,311.2,5.46,333.0,312.1,2.96,363.6,308.6,1.42,381.8,315.2,6.10,8.1289
Deployment_2,20080317,1930,-50.98371,-37.79850,5.91,327.8,314.9,5.49,330.8,310.7,5.46,332.4,311.8,3.63,361.7,305.6,1.66,385.0,314.0,6.08,8.1297
Deployment_2,20080317,2000,-50.98523,-37.79453,5.94,328.5,314.6,5.49,331.3,311.2,5.46,333.0,312.3,3.01,360.1,307.7,1.50,381.5,315.1,6.05,8.1307
Deployment_2,20080317,2030,-50.98676,-37.79056,5.96,327.9,314.8,5.49,330.7,311.1,5.49,331.8,311.7,3.81,361.4,305.3,1.95,378.7,313.3,6.06,8.1302
Deployment_2,20080317,2100,-50.98744,-37.78577,5.94,328.6,314.9,5.49,330.0,311.4,5.49,330.6,311.9,3.60,359.0,306.2,1.95,375.2,314.2,6.08,8.1294
Deployment_2,20080317,2130,-50.98813,-37.78098,5.99,327.6,315.2,5.49,330.1,310.8,5.49,332.2,312.2,3.71,359.3,306.1,2.09,371.1,313.3,6.09,8.1300
Deployment_2,20080317,2200,-50.98828,-37.77628,5.99,327.3,315.1,5.49,330.0,311.4,5.49,331.9,312.1,3.12,360.6,308.6,1.61,367.2,315.0,6.11,8.1308
Deployment_2,20080317,2230,-50.98843,-37.77159,6.02,326.9,315.7,5.46,330.7,311.4,5.41,333.4,310.6,2.80,363.2,310.0,1.16,376.1,315.0,6.11,8.1303
Deployment_2,20080317,2300,-50.98877,-37.76834,5.99,327.0,315.7,5.46,329.9,311.4,5.27,333.2,310.0,2.38,364.5,312.4,1.18,384.6,314.1,6.12,8.1297
Deployment_2,20080317,2330,-50.98912,-37.76510,6.02,326.4,315.6,5.49,330.7,311.1,5.46,333.2,311.8,2.48,364.1,312.1,1.37,386.1,314.3,6.12,8.1291
Deployment_2,20080318,0000,-50.98964,-37.76243,6.04,327.1,315.6,5.49,330.5,310.9,5.49,332.9,311.6,2.46,365.9,312.7,1.37,379.5,314.2,6.12,8.1286
Deployment_2,20080318,0030,-50.99016,-37.75977,6.04,326.0,315.9,5.46,329.4,311.0,5.41,337.2,311.2,2.35,368.2,312.3,1.21,378.5,313.8,6.13,8.1287
Deployment_2,20080318,0100,-50.99089,-37.75801,6.02,326.0,316.2,5.46,330.5,310.9,5.41,335.6,311.1,2.43,370.6,312.0,1.31,381.0,314.0,6.15,8.1290
Deployment_2,20080318,0130,-50.99162,-37.75625,6.02,326.4,315.7,5.46,329.9,310.7,5.30,336.7,310.1,2.40,369.9,312.1,1.53,378.6,314.3,6.15,8.1289
Deployment_2,20080318,0200,-50.99287,-37.75494,6.04,326.1,315.7,5.49,330.1,311.1,5.49,333.7,311.6,2.94,368.9,309.0,1.55,379.6,314.3,6.15,8.1288
Deployment_2,20080318,0230,-50.99413,-37.75363,6.02,325.8,316.2,5.49,330.6,311.2,5.49,332.4,311.7,2.86,370.3,310.0,1.31,377.1,313.7,6.15,8.1277
Deployment_2,20080318,0300,-50.99546,-37.75216,6.04,325.6,316.0,5.49,329.8,311.0,5.49,332.6,311.8,2.43,370.2,310.9,1.16,379.1,313.6,6.15,8.1264
Deployment_2,20080318,0330,-50.99679,-37.75069,6.04,325.9,316.4,5.49,329.9,310.8,5.49,332.2,312.0,2.35,368.5,311.3,1.31,382.7,313.6,6.15,8.1275
Deployment_2,20080318,0400,-50.99821,-37.74941,6.02,325.8,316.4,5.49,330.8,310.5,5.49,332.0,311.7,2.75,368.3,310.5,1.39,389.6,314.3,6.15,8.1290
Deployment_2,20080318,0430,-50.99964,-37.74814,6.04,326.1,316.5,5.49,330.7,310.6,5.49,332.6,311.8,2.80,364.2,309.5,1.45,385.3,314.2,6.15,8.1282
Deployment_2,20080318,0500,-51.00253,-37.74688,6.04,326.3,316.2,5.57,330.3,310.6,5.49,331.9,311.7,2.80,367.2,310.6,1.37,382.4,314.2,6.15,8.1272
Deployment_2,20080318,0530,-51.00543,-37.74562,6.02,326.2,317.9,5.57,330.4,310.7,5.49,331.7,311.7,3.79,361.7,308.0,1.98,385.8,314.1,6.15,8.1279
Deployment_2,20080318,0600,-51.00746,-37.74428,6.04,327.4,316.8,5.52,331.0,310.7,5.49,333.1,311.7,3.92,357.2,307.3,1.66,375.7,314.6,6.15,8.1288
Deployment_2,20080318,0630,-51.00949,-37.74293,6.04,326.9,316.9,5.46,331.2,310.7,5.49,332.5,311.8,4.34,354.2,305.6,2.06,378.9,313.9,6.15,8.1271
Deployment_2,20080318,0700,-51.01214,-37.73969,6.02,327.4,316.8,5.46,330.9,310.7,5.49,332.6,311.9,4.37,351.2,303.9,2.03,371.9,313.0,6.15,8.1252
Deployment_2,20080318,0730,-51.01479,-37.73644,6.02,327.5,316.8,5.44,331.0,310.9,5.49,332.4,312.1,4.29,350.4,303.4,2.14,375.5,312.7,6.13,8.1256
Deployment_2,20080318,0800,-51.01682,-37.73219,5.99,327.9,316.8,5.46,331.2,310.9,5.46,333.0,312.1,3.94,356.7,307.0,2.01,374.8,313.9,6.10,8.1264
Deployment_2,20080318,0830,-51.01885,-37.72793,5.94,328.4,316.7,5.44,331.6,310.8,5.46,333.5,312.3,3.68,356.9,307.9,2.09,373.6,313.0,6.08,8.1263
Deployment_2,20080318,0900,-51.02054,-37.72293,5.94,329.1,316.7,5.46,332.3,310.8,5.46,334.3,311.5,3.01,361.9,308.7,1.79,370.3,314.4,6.05,8.1262
Deployment_3,20080322,0130,-51.14158,-38.40114,4.82,305.5,312.6,4.83,316.9,313.7,4.50,320.0,313.4,2.27,364.3,310.6,1.24,394.1,309.0,4.94,8.1595
Deployment_3,20080322,0200,-51.14334,-38.40103,4.82,306.1,312.4,4.83,316.8,313.4,4.69,315.6,313.8,2.43,364.9,311.3,1.31,401.4,310.8,4.93,8.1613
Deployment_3,20080322,0230,-51.14511,-38.40093,4.82,305.9,312.3,4.83,317.1,313.7,4.56,321.5,313.0,2.59,361.6,310.6,1.50,399.1,311.9,4.93,8.1601
Deployment_3,20080322,0300,-51.14688,-38.40082,4.82,305.7,313.1,4.83,316.7,313.8,4.82,313.8,313.7,2.78,357.3,310.5,1.69,398.9,312.6,4.93,8.1585
Deployment_3,20080322,0330,-51.15003,-38.40120,4.82,306.2,312.4,4.83,317.4,313.5,4.71,330.0,315.1,2.67,364.0,312.7,1.77,401.0,312.3,4.92,8.1577
Deployment_3,20080322,0400,-51.15319,-38.40158,4.79,305.5,312.9,4.80,316.4,313.8,4.77,313.7,314.4,2.46,359.8,311.7,1.45,403.0,311.6,4.91,8.1571
Deployment_3,20080322,0430,-51.15623,-38.39994,4.79,305.3,312.3,4.80,317.0,313.7,4.82,314.6,314.1,2.30,367.6,311.7,1.18,405.0,310.2,4.91,8.1579
Deployment_3,20080322,0500,-51.15927,-38.39829,4.79,305.4,312.3,4.80,317.3,313.4,4.58,316.9,313.3,1.85,372.3,312.1,1.29,407.0,310.4,4.90,8.1588
Deployment_3,20080322,0530,-51.16269,-38.39490,4.79,305.5,312.3,4.80,317.6,313.6,4.77,314.8,313.9,1.79,377.0,311.7,0.89,410.0,306.6,4.89,8.1573
Deployment_3,20080322,0600,-51.16610,-38.39150,4.79,304.9,312.2,4.80,317.8,313.4,4.02,337.2,311.4,1.53,382.0,310.6,0.94,413.0,307.8,4.88,8.1555
Deployment_3,20080322,0630,-51.16845,-38.38633,4.77,304.9,312.6,4.77,317.0,313.4,4.61,323.0,314.3,1.58,393.5,308.7,1.00,416.0,308.1,4.88,8.1553
Deployment_3,20080322,0700,-51.17079,-38.38116,4.77,305.8,312.5,4.77,317.7,313.2,4.74,314.6,312.9,1.42,394.9,309.0,1.00,418.0,308.4,4.87,8.1553
Deployment_3,20080322,0747,-51.17219,-38.37558,4.77,305.8,312.0,4.77,317.9,313.2,4.71,316.2,313.2,1.31,399.7,308.6,0.94,420.0,308.2,4.87,8.1558
Deployment_3,20080322,0830,-51.17359,-38.37000,4.74,305.8,312.2,4.77,317.5,313.5,4.48,321.9,313.0,1.53,398.0,308.7,0.92,422.9,308.8,4.87,8.1545
Deployment_3,20080322,0900,-51.17411,-38.36514,4.77,309.4,312.4,4.77,317.0,313.2,4.53,319.2,313.0,1.87,392.0,309.5,1.13,417.0,310.3,4.87,8.1530
Deployment_3,20080322,0930,-51.17463,-38.36027,4.74,308.1,312.4,4.77,316.6,313.2,4.79,316.2,313.8,1.50,393.4,308.3,0.94,409.1,309.2,4.87,8.1533
Deployment_3,20080322,1000,-51.17390,-38.35486,4.77,308.7,311.6,4.77,317.0,313.0,4.64,318.7,312.2,1.82,390.9,308.7,1.00,411.3,309.4,4.86,8.1537
Deployment_3,20080322,1030,-51.17317,-38.34944,4.77,308.7,312.4,4.77,317.4,313.0,4.61,326.6,312.9,1.69,390.1,309.3,1.16,408.2,309.9,4.86,8.1546
Deployment_3,20080322,1100,-51.17217,-38.34512,4.77,307.3,311.8,4.77,318.2,313.5,4.10,333.3,312.2,1.58,390.9,310.2,0.81,406.1,309.1,4.86,8.1555
Deployment_3,20080322,1130,-51.17116,-38.34079,4.77,306.9,311.7,4.77,318.0,313.3,3.79,338.7,311.5,1.66,393.1,311.8,0.81,409.0,308.5,4.86,8.1552
Deployment_3,20080322,1200,-51.16924,-38.33797,4.77,306.3,311.4,4.77,318.0,313.1,3.71,340.5,311.4,2.51,378.0,310.7,1.24,408.6,310.2,4.87,8.1547
Deployment_3,20080322,1230,-51.16732,-38.33516,4.77,306.2,311.5,4.77,317.2,313.1,4.77,323.2,313.4,2.56,372.2,311.4,1.26,401.7,310.8,4.87,8.1565
Deployment_3,20080322,1300,-51.16562,-38.33388,4.77,305.6,311.1,4.77,316.7,313.5,4.77,317.2,312.9,2.30,373.0,311.6,1.24,397.5,310.7,4.87,8.1585
Deployment_3,20080322,1330,-51.16391,-38.33260,4.77,305.8,311.2,4.77,315.9,313.8,4.42,324.6,312.5,2.43,371.5,310.8,1.29,400.4,310.8,4.87,8.1588
Deployment_3,20080322,1400,-51.16221,-38.33131,4.77,305.1,311.0,4.77,316.6,313.1,3.89,335.6,311.5,2.35,371.2,311.8,1.45,397.5,311.8,4.88,8.1588
Deployment_3,20080322,1430,-51.16051,-38.33003,4.77,305.2,311.2,4.77,316.5,313.1,4.18,327.3,310.3,2.72,368.7,311.7,1.82,394.6,313.1,4.89,8.1582
Deployment_3,20080322,1500,-51.15968,-38.33153,4.77,306.0,311.1,4.77,316.1,313.5,4.74,330.1,313.4,2.64,365.6,311.1,1.61,388.9,312.2,4.90,8.1575
Deployment_3,20080322,1530,-51.15886,-38.33303,4.77,306.3,310.5,4.77,315.8,313.5,4.77,315.6,312.6,2.56,368.4,311.4,1.63,396.1,313.2,4.90,8.1579
Deployment_3,20080322,1600,-51.15916,-38.33461,4.79,306.6,311.1,4.77,314.6,313.4,4.69,316.4,313.0,2.72,367.8,311.1,1.47,392.6,312.5,4.90,8.1585
Deployment_3,20080322,1630,-51.15947,-38.33619,4.79,306.1,310.9,4.77,315.1,313.4,4.74,315.8,312.5,2.48,369.0,310.8,1.47,393.3,312.5,4.90,8.1582
Deployment_3,20080322,1700,-51.16063,-38.33756,4.79,306.7,311.0,4.77,315.3,313.6,4.79,314.6,313.5,2.09,373.1,312.4,1.10,393.4,310.5,4.89,8.1577
Deployment_3,20080322,1730,-51.16179,-38.33894,4.79,305.6,310.3,4.77,314.5,313.5,4.71,315.8,312.9,2.03,380.9,312.4,0.94,401.1,311.4,4.89,8.1585
Deployment_3,20080322,1800,-51.16393,-38.33974,4.79,305.4,310.7,4.77,314.7,313.7,4.77,314.6,313.5,1.61,388.1,312.2,0.86,403.6,311.6,4.90,8.1596
Deployment_3,20080322,1830,-51.16606,-38.34054,4.79,306.3,310.7,4.75,315.1,313.6,4.24,336.6,312.0,1.58,389.4,311.6,0.81,405.8,312.7,4.89,8.1590
Deployment_3,20080322,1900,-51.16884,-38.33972,4.77,306.6,310.6,4.77,314.8,313.7,4.21,324.6,311.2,2.01,390.8,312.8,0.89,405.4,312.6,4.88,8.1583
Deployment_3,20080322,1930,-51.17162,-38.33891,4.77,305.8,310.9,4.75,314.5,313.5,4.77,317.1,313.0,1.66,388.1,310.9,0.70,405.0,310.1,4.88,8.1577
Deployment_3,20080322,2000,-51.17448,-38.33661,4.77,307.0,310.7,4.77,313.9,314.5,4.08,323.4,309.8,1.98,387.6,312.3,0.89,406.7,310.4,4.87,8.1571
Deployment_3,20080322,2030,-51.17734,-38.33432,4.77,307.0,311.0,4.75,313.5,313.6,4.42,329.1,312.4,1.77,387.2,310.6,0.70,408.3,310.6,4.87,8.1577
Deployment_3,20080322,2100,-51.17974,-38.32983,4.77,307.3,310.9,4.77,313.7,313.8,4.50,325.6,311.0,1.61,390.2,312.3,0.76,410.1,310.3,4.87,8.1585
Deployment_3,20080322,2130,-51.18214,-38.32533,4.77,307.1,311.2,4.77,313.8,314.0,3.79,339.7,309.6,1.74,389.6,312.0,0.84,413.7,309.7,4.87,8.1588
Deployment_3,20080322,2200,-51.18397,-38.31963,4.77,306.7,311.2,4.77,313.7,314.0,4.16,331.4,310.1,1.71,390.5,312.1,0.60,409.3,310.9,4.87,8.1589
Deployment_3,20080322,2230,-51.18581,-38.31393,4.77,307.4,311.3,4.77,313.9,313.8,4.24,332.9,311.4,1.82,387.1,312.5,0.68,411.4,310.6,4.87,8.1590
Deployment_3,20080322,2300,-51.18692,-38.30641,4.77,307.0,311.2,4.77,313.4,313.7,4.42,324.8,311.8,1.50,388.1,312.1,0.70,411.0,310.2,4.87,8.1590
Deployment_3,20080322,2330,-51.18804,-38.29890,4.77,307.5,311.0,4.77,314.0,313.8,3.49,335.1,309.8,1.45,393.4,311.2,0.65,409.8,307.7,4.87,8.1596
Deployment_3,20080323,0000,-51.18865,-38.29131,4.74,307.5,311.1,4.77,313.9,313.9,4.08,338.9,309.6,1.42,392.0,311.6,0.70,418.3,303.5,4.86,8.1604
Deployment_3,20080323,0030,-51.18925,-38.28373,4.74,307.1,311.3,4.75,314.0,313.7,3.12,347.9,307.5,1.79,389.2,312.2,1.08,417.4,309.2,4.86,8.1587
Deployment_3,20080323,0100,-51.18937,-38.27638,4.74,307.2,311.5,4.77,314.3,313.7,3.97,334.1,310.1,2.01,383.5,313.4,1.31,406.6,311.6,4.86,8.1567
Deployment_3,20080323,0130,-51.18949,-38.26902,4.74,307.2,311.3,4.77,314.6,313.7,4.18,325.0,311.0,1.74,384.6,312.2,1.13,402.1,309.5,4.86,8.1578
Deployment_3,20080323,0200,-51.18860,-38.26307,4.74,307.1,311.5,4.77,314.0,313.8,4.74,312.3,313.6,2.06,381.7,313.2,1.34,404.1,312.0,4.85,8.1592
Deployment_3,20080323,0230,-51.18772,-38.25712,4.74,307.8,311.2,4.75,313.7,313.8,4.79,314.3,313.1,2.91,368.9,309.9,1.93,399.9,313.8,4.85,8.1590
Deployment_3,20080323,0300,-51.18670,-38.25225,4.74,307.4,311.6,4.77,313.9,313.6,4.79,314.4,313.3,3.36,351.4,308.2,2.09,389.8,313.2,4.86,8.1586
Deployment_3,20080323,0330,-51.18568,-38.24738,4.74,307.3,311.2,4.77,314.4,313.5,4.79,315.3,313.7,3.09,355.9,309.6,1.79,387.4,313.4,4.86,8.1585
Deployment_3,20080323,0400,-51.18411,-38.24384,4.74,307.6,311.4,4.75,313.7,313.5,4.79,315.1,313.1,2.96,358.8,309.7,1.98,389.8,314.0,4.85,8.1585
Deployment_3,20080323,0430,-51.18253,-38.24030,4.74,307.3,311.7,4.75,313.8,313.4,4.02,320.8,310.1,2.03,371.0,313.0,1.16,390.6,308.6,4.85,8.1594
Deployment_3,20080323,0500,-51.18177,-38.23789,4.74,307.0,311.3,4.75,314.2,313.4,4.79,316.6,313.1,2.48,375.5,311.1,1.39,398.3,312.1,4.85,8.1603
Deployment_3,20080323,0530,-51.18100,-38.23548,4.74,307.1,311.4,4.75,314.0,313.4,4.77,314.9,313.5,2.38,371.6,312.5,1.37,397.8,312.2,4.85,8.1592
Deployment_3,20080323,0600,-51.18085,-38.23439,4.74,307.2,311.7,4.75,314.2,313.3,4.42,319.6,311.9,1.82,381.5,312.9,1.02,398.6,310.0,4.85,8.1578
Deployment_3,20080323,0630,-51.18070,-38.23331,4.74,307.2,311.8,4.75,314.8,313.3,4.08,330.1,310.1,1.74,387.0,311.8,0.94,401.8,310.6,4.85,8.1578
Deployment_3,20080323,0700,-51.18104,-38.23136,4.74,306.4,311.5,4.75,314.6,313.0,3.81,340.9,312.1,1.34,391.5,311.0,0.76,404.4,309.9,4.86,8.1580
Deployment_3,20080323,0730,-51.18139,-38.22942,4.74,306.7,311.5,4.75,315.4,313.2,4.21,332.5,311.9,1.34,394.4,310.8,0.76,405.4,308.4,4.86,8.1577
Deployment_3,20080323,0800,-51.18292,-38.22836,4.74,306.7,311.8,4.75,315.1,312.8,4.40,322.8,312.1,1.53,392.6,311.3,0.84,409.3,310.5,4.86,8.1573
Deployment_3,20080323,0830,-51.18444,-38.22731,4.77,307.2,311.9,4.77,314.5,312.7,4.34,314.5,310.5,1.55,391.0,311.5,0.78,406.5,310.0,4.86,8.1575
Deployment_3,20080323,0900,-51.18565,-38.22505,4.77,306.8,312.1,4.75,315.6,312.7,4.16,326.1,311.5,1.31,395.4,310.2,0.62,407.8,308.8,4.87,8.1577
Deployment_3,20080323,0930,-51.18686,-38.22280,4.74,306.4,312.0,4.77,314.3,312.5,4.77,316.6,312.4,1.42,391.8,310.7,0.62,410.5,308.3,4.87,8.1576
Deployment_3,20080323,1000,-51.18921,-38.22032,4.74,307.4,311.8,4.75,314.8,312.4,4.79,315.2,312.2,2.16,385.6,312.1,1.10,414.3,311.9,4.87,8.1575
Deployment_3,20080323,1030,-51.19156,-38.21784,4.77,308.6,311.8,4.77,314.5,312.3,4.71,315.9,313.0,1.82,385.3,312.4,1.02,406.8,307.7,4.87,8.1567
Deployment_3,20080323,1100,-51.19409,-38.21323,4.77,308.2,312.0,4.77,314.7,312.4,4.77,313.7,313.1,1.98,384.6,313.6,1.24,401.4,311.6,4.87,8.1559
Deployment_3,20080323,1130,-51.19663,-38.20862,4.77,308.4,312.0,4.77,314.3,312.1,4.79,314.4,312.0,1.77,385.8,311.8,1.13,404.6,308.3,4.87,8.1565
Deployment_3,20080323,1200,-51.19975,-38.20396,4.77,308.3,311.8,4.77,314.5,312.6,4.79,315.2,311.9,1.53,391.2,310.5,0.81,403.5,304.1,4.87,8.1572
Deployment_3,20080323,1230,-51.20288,-38.19931,4.77,308.7,312.2,4.77,315.2,312.4,4.71,314.0,312.8,1.47,392.5,311.2,0.94,414.3,305.2,4.87,8.1575
Deployment_3,20080323,1300,-51.20583,-38.19306,4.77,309.4,311.9,4.77,315.9,312.2,4.77,316.4,312.1,1.45,393.6,310.7,0.70,413.6,303.6,4.87,8.1577
Deployment_3,20080323,1330,-51.20879,-38.18682,4.77,310.4,311.6,4.77,315.1,312.1,4.74,314.1,312.2,1.47,391.2,311.4,0.81,415.2,304.1,4.87,8.1575
Deployment_3,20080323,1400,-51.21156,-38.17920,4.77,309.6,311.9,4.77,314.7,312.2,4.26,319.0,311.9,1.79,388.7,311.2,1.00,415.8,308.2,4.87,8.1571
Deployment_3,20080323,1430,-51.21434,-38.17158,4.77,310.0,311.7,4.77,314.9,312.3,4.74,315.9,312.1,2.19,381.2,310.7,1.26,408.2,312.2,4.87,8.1572
Deployment_3,20080323,1500,-51.21609,-38.16350,4.77,310.1,311.9,4.77,314.9,312.3,4.48,317.5,313.2,1.71,383.9,311.5,1.05,400.7,308.4,4.87,8.1573
Deployment_3,20080323,1530,-51.21784,-38.15543,4.77,310.2,312.3,4.77,314.9,312.2,4.79,315.6,312.7,1.82,389.6,311.8,0.94,403.5,310.3,4.87,8.1573
Deployment_3,20080323,1600,-51.21879,-38.14701,4.77,310.2,311.4,4.77,314.6,312.5,4.74,317.6,312.3,1.66,388.5,311.3,0.89,405.3,312.3,4.87,8.1572
Deployment_3,20080323,1630,-51.21974,-38.13858,4.77,310.2,311.5,4.77,315.6,312.3,4.58,322.1,313.0,1.53,393.1,311.6,0.73,405.1,311.1,4.88,8.1570
Deployment_3,20080323,1700,-51.22007,-38.13133,4.79,309.9,311.5,4.77,315.0,312.3,4.66,316.1,311.7,1.66,390.2,310.7,1.00,405.3,312.7,4.89,8.1569
Deployment_3,20080323,1730,-51.22039,-38.12407,4.77,309.5,311.4,4.77,314.6,312.6,4.74,315.4,312.3,1.66,387.8,311.5,0.92,405.2,312.4,4.89,8.1582
Deployment_3,20080323,1800,-51.22020,-38.11719,4.77,309.0,310.9,4.77,314.4,312.6,4.74,314.6,312.2,1.61,388.5,311.6,0.94,402.4,311.9,4.89,8.1598
Deployment_3,20080323,1830,-51.22001,-38.11032,4.77,309.2,311.3,4.77,314.9,312.4,4.10,322.4,311.4,1.74,388.8,311.7,0.97,403.8,311.0,4.89,8.1570
Deployment_3,20080323,1900,-51.21888,-38.10327,4.77,308.5,311.0,4.77,314.9,312.5,4.61,322.0,312.3,1.74,387.5,312.2,1.00,405.1,311.5,4.88,8.1536
Deployment_3,20080323,1930,-51.21775,-38.09621,4.77,308.1,311.4,4.77,314.6,312.4,4.77,315.5,312.0,1.74,386.2,312.9,0.86,401.5,311.3,4.88,8.1555
Deployment_3,20080323,2000,-51.21698,-38.09192,4.77,307.6,311.5,4.77,314.9,312.6,4.79,314.5,312.9,2.30,381.7,313.4,1.18,405.7,311.8,4.87,8.1583
Deployment_3,20080323,2030,-51.21621,-38.08763,4.77,307.9,311.3,4.77,314.6,312.6,4.79,315.7,312.3,2.43,378.2,312.6,1.16,403.3,311.2,4.87,8.1583
Deployment_3,20080323,2100,-51.21576,-38.08466,4.77,307.9,311.4,4.77,315.1,312.7,4.79,314.6,312.4,2.11,381.9,314.3,1.05,399.1,310.2,4.87,8.1581
Deployment_3,20080323,2130,-51.21531,-38.08169,4.77,308.0,310.9,4.77,315.1,312.4,4.79,314.6,312.3,2.75,371.5,309.7,1.16,401.3,310.5,4.87,8.1572
Deployment_3,20080323,2200,-51.21541,-38.07955,4.77,307.3,311.4,4.77,315.2,312.7,4.79,314.2,312.2,2.64,371.9,311.7,1.16,403.9,310.6,4.87,8.1561
Deployment_3,20080323,2230,-51.21551,-38.07742,4.77,307.3,311.7,4.77,314.9,312.4,4.79,314.6,312.8,1.95,375.6,313.5,1.05,401.7,309.6,4.87,8.1554
Deployment_3,20080323,2300,-51.21578,-38.07601,4.77,307.6,311.2,4.80,314.9,312.3,4.82,313.9,312.1,2.19,378.8,312.1,1.21,404.9,311.2,4.87,8.1546
Deployment_3,20080323,2330,-51.21606,-38.07461,4.77,308.2,311.4,4.77,314.7,312.2,4.77,316.4,312.2,2.27,381.2,312.8,1.18,401.7,311.1,4.87,8.1550
Deployment_3,20080324,0000,-51.21788,-38.07267,4.77,308.0,311.8,4.77,315.3,312.6,3.47,331.9,309.8,1.66,383.7,311.8,0.86,401.3,311.1,4.87,8.1555
Deployment_3,20080324,0030,-51.21970,-38.07074,4.77,308.4,311.8,4.77,314.7,312.5,4.77,320.1,312.7,2.09,381.3,311.1,1.05,402.6,312.2,4.87,8.1555
Deployment_3,20080324,0100,-51.22238,-38.06850,4.77,309.7,311.8,4.77,315.3,312.3,4.79,314.9,311.8,2.59,371.7,310.2,1.29,404.9,311.4,4.87,8.1554
Deployment_3,20080324,0130,-51.22506,-38.06626,4.77,309.5,311.9,4.77,314.9,311.8,4.79,314.1,312.2,2.19,375.2,311.4,1.53,401.8,311.6,4.87,8.1553
Deployment_3,20080324,0200,-51.22845,-38.06348,4.77,309.5,312.1,4.77,315.0,312.3,4.58,318.1,313.2,1.53,386.4,310.6,0.97,397.4,312.0,4.87,8.1553
Deployment_3,20080324,0230,-51.23184,-38.06070,4.77,309.4,312.2,4.77,315.3,312.1,4.74,318.7,312.1,1.61,392.1,311.3,1.02,403.4,311.8,4.86,8.1551
Deployment_3,20080324,0300,-51.23545,-38.05579,4.77,309.5,312.9,4.77,315.7,311.6,4.77,315.1,312.5,1.50,392.6,310.7,0.94,402.9,311.1,4.85,8.1550
Deployment_3,20080324,0330,-51.23905,-38.05089,4.77,309.6,311.9,4.77,315.5,311.9,4.79,315.6,312.6,1.47,392.5,311.3,0.89,405.9,306.4,4.85,8.1547
Deployment_3,20080324,0400,-51.24241,-38.04519,4.74,310.0,311.8,4.72,316.1,311.9,3.84,337.2,309.1,1.21,399.4,307.6,0.65,410.8,303.9,4.85,8.1545
Deployment_3,20080324,0430,-51.24576,-38.03949,4.74,309.4,311.9,4.75,315.6,311.7,2.72,357.7,308.6,1.18,400.4,306.5,0.73,419.7,303.1,4.84,8.1544
Deployment_3,20080324,0500,-51.24906,-38.03224,4.71,308.8,311.9,4.75,316.2,311.7,4.69,327.1,311.1,1.26,398.0,307.9,0.68,417.0,302.9,4.83,8.1543
Deployment_3,20080324,0530,-51.25237,-38.02499,4.71,309.1,312.3,4.75,316.3,311.9,4.74,318.3,311.5,1.37,394.2,308.5,0.68,419.4,304.0,4.83,8.1551
Deployment_3,20080324,0600,-51.25426,-38.01627,4.71,308.4,312.3,4.72,316.7,311.8,4.71,318.2,311.5,1.50,393.7,309.2,0.76,419.4,304.8,4.82,8.1560
Deployment_3,20080324,0630,-51.25615,-38.00755,4.71,309.1,311.8,4.67,315.9,311.5,4.71,317.8,311.5,1.61,391.4,310.0,0.84,417.7,306.5,4.81,8.1560
Deployment_3,20080324,0700,-51.25735,-37.99955,4.69,307.8,311.9,4.69,316.4,311.5,4.61,319.8,311.5,1.61,391.0,310.0,0.70,415.6,304.1,4.79,8.1560
Deployment_3,20080324,0730,-51.25855,-37.99155,4.69,308.0,312.1,4.69,316.2,311.4,4.69,317.5,311.1,1.74,390.8,310.9,0.70,417.8,303.7,4.79,8.1553
Deployment_3,20080324,0800,-51.25888,-37.98433,4.69,308.0,311.9,4.69,316.0,311.4,4.69,317.8,311.5,1.85,388.3,311.8,0.78,420.6,304.7,4.79,8.1545
Deployment_3,20080324,0830,-51.25922,-37.97711,4.66,307.4,311.7,4.67,316.3,311.3,4.71,317.2,311.1,2.46,375.4,310.1,1.39,412.2,309.9,4.78,8.1547
Deployment_3,20080324,0900,-51.25944,-37.97087,4.66,307.1,312.1,4.67,316.1,311.8,4.61,317.6,310.3,2.03,377.9,311.3,1.16,400.9,308.5,4.77,8.1549
Deployment_3,20080324,0930,-51.25966,-37.96462,4.64,307.1,312.0,4.67,316.7,311.4,4.64,317.6,311.2,2.16,376.0,311.1,1.37,399.4,309.3,4.76,8.1548
Deployment_3,20080324,1000,-51.25919,-37.95898,4.64,308.1,311.9,4.67,316.2,311.5,4.61,318.2,311.7,2.35,375.3,311.8,1.42,400.0,310.3,4.74,8.1545
Deployment_3,20080324,1030,-51.25872,-37.95333,4.64,306.8,311.9,4.67,316.8,311.4,4.69,317.8,312.0,1.98,377.1,311.5,1.08,396.2,306.8,4.74,8.1542
Deployment_3,20080324,1100,-51.25843,-37.94889,4.64,307.0,312.0,4.67,316.8,311.7,4.61,317.9,311.6,1.98,381.8,311.7,1.16,404.3,308.2,4.74,8.1539
Deployment_3,20080324,1130,-51.25815,-37.94445,4.64,307.8,311.8,4.64,316.4,311.5,4.66,318.5,311.3,2.22,383.5,312.0,1.45,405.6,311.5,4.74,8.1552
Deployment_3,20080324,1200,-51.25878,-37.94040,4.64,307.7,311.8,4.64,316.1,311.5,4.66,317.8,312.0,2.59,370.0,309.4,1.50,395.0,311.5,4.74,8.1566
Deployment_3,20080324,1230,-51.25941,-37.93636,4.64,308.7,311.9,4.64,315.8,311.6,4.66,317.2,311.6,2.80,365.6,310.4,1.50,394.5,311.7,4.74,8.1556
Deployment_3,20080324,1300,-51.26048,-37.93245,4.64,308.8,311.8,4.64,315.6,311.7,4.61,317.1,311.8,2.67,365.4,310.7,1.63,394.0,311.8,4.74,8.1542
Deployment_3,20080324,1330,-51.26155,-37.92854,4.64,309.2,311.6,4.64,315.7,311.9,4.66,316.2,311.3,2.09,375.7,311.3,1.37,392.5,310.5,4.74,8.1540
Deployment_3,20080324,1400,-51.26234,-37.92464,4.64,309.3,311.9,4.64,316.3,311.4,4.66,317.0,311.5,2.06,379.5,311.2,1.45,396.5,311.3,4.74,8.1540
Deployment_3,20080324,1430,-51.26313,-37.92074,4.64,309.5,311.7,4.64,316.1,312.1,4.66,316.5,311.3,2.59,376.5,310.8,1.45,396.9,311.8,4.74,8.1536
Deployment_3,20080324,1500,-51.26350,-37.91656,4.64,308.9,311.7,4.64,316.7,311.7,4.64,317.0,312.4,1.74,386.6,312.1,1.08,396.9,307.8,4.73,8.1531
Deployment_3,20080324,1530,-51.26387,-37.91238,4.64,310.5,311.4,4.64,316.4,311.8,4.64,317.7,311.0,1.29,394.3,308.7,0.84,406.5,304.4,4.73,8.1527
Deployment_3,20080324,1600,-51.26438,-37.90963,4.64,310.3,311.5,4.64,316.3,312.1,4.66,317.6,311.4,1.16,397.2,306.0,0.78,413.2,302.1,4.74,8.1522
Deployment_3,20080324,1630,-51.26490,-37.90688,4.64,310.7,311.1,4.64,316.2,311.9,4.61,318.8,311.1,1.18,402.2,307.3,0.70,417.9,301.1,4.74,8.1518
Deployment_3,20080324,1700,-51.26541,-37.90413,4.64,310.7,311.4,4.64,316.1,311.7,4.64,323.0,311.6,1.39,397.6,310.1,0.78,422.9,302.2,4.73,8.1515
Deployment_3,20080324,1730,-51.26592,-37.90138,4.64,310.9,311.5,4.64,316.7,312.0,4.13,321.4,310.1,1.39,394.7,310.4,0.76,417.1,302.6,4.73,8.1518
Deployment_3,20080324,1800,-51.26686,-37.89918,4.61,310.1,311.7,4.61,316.8,312.4,4.61,319.5,312.1,1.45,394.5,310.3,0.78,421.1,303.9,4.72,8.1522
Deployment_3,20080324,1830,-51.26781,-37.89699,4.61,310.8,311.6,4.61,316.0,311.8,4.61,319.9,312.0,1.58,392.8,309.3,0.78,419.6,304.2,4.72,8.1536
Deployment_3,20080324,1900,-51.26949,-37.89517,4.61,310.5,311.6,4.61,316.6,311.9,4.64,318.2,311.8,1.82,391.3,310.7,0.86,416.7,307.1,4.71,8.1552
Deployment_3,20080324,1930,-51.27116,-37.89335,4.61,310.5,311.6,4.61,316.4,312.1,4.50,318.4,311.1,1.74,387.2,310.5,1.02,409.5,307.2,4.71,8.1539
Deployment_3,20080324,2000,-51.27382,-37.89152,4.61,310.8,311.5,4.61,316.3,311.7,4.58,319.2,312.6,1.69,388.6,309.2,0.92,408.4,307.5,4.71,8.1522
Deployment_3,20080324,2030,-51.27647,-37.88968,4.61,310.5,311.8,4.61,316.7,312.1,4.61,318.1,312.4,1.93,385.6,310.6,0.89,413.5,307.3,4.70,8.1521
Deployment_3,20080324,2100,-51.27894,-37.88631,4.58,310.2,311.3,4.59,316.3,312.7,4.61,317.1,312.2,1.85,383.2,309.3,1.00,409.5,307.4,4.69,8.1521
Deployment_3,20080324,2130,-51.28140,-37.88293,4.58,311.4,311.7,4.59,316.8,312.1,4.56,317.8,312.6,1.79,383.1,308.2,1.02,404.2,307.5,4.69,8.1524
Deployment_3,20080324,2200,-51.28335,-37.87800,4.58,310.8,311.7,4.59,316.3,312.3,4.61,313.9,312.6,2.40,377.1,309.0,1.45,405.3,308.4,4.69,8.1528
Deployment_3,20080324,2230,-51.28531,-37.87308,4.58,309.6,311.7,4.59,316.1,312.6,4.61,313.8,312.5,2.70,370.3,309.5,1.85,393.5,307.9,4.68,8.1540
Deployment_3,20080324,2300,-51.28738,-37.86787,4.56,310.1,311.9,4.59,316.9,312.5,4.61,313.1,312.2,2.70,351.5,306.2,1.50,385.8,307.6,4.66,8.1553
Deployment_3,20080324,2330,-51.28946,-37.86266,4.56,310.1,311.6,4.56,315.8,312.7,4.61,312.6,313.1,1.98,368.7,307.9,1.08,396.0,308.0,4.66,8.1546
Deployment_3,20080325,0000,-51.29110,-37.85635,4.56,309.4,311.5,4.56,316.1,312.4,4.58,313.0,313.2,1.98,380.7,309.2,0.86,402.4,306.9,4.65,8.1535
Deployment_3,20080325,0030,-51.29274,-37.85004,4.53,309.1,311.8,4.56,316.8,312.8,4.58,313.3,313.2,1.98,376.5,308.8,1.10,407.6,308.2,4.65,8.1521
Deployment_3,20080325,0100,-51.29353,-37.84247,4.56,309.8,311.8,4.56,316.1,312.5,4.58,313.6,312.8,2.51,375.7,308.7,1.39,407.0,309.3,4.66,8.1506
Deployment_3,20080325,0130,-51.29432,-37.83489,4.56,310.2,311.5,4.56,315.7,312.4,4.61,313.5,313.0,1.79,379.9,308.3,0.84,401.9,306.1,4.66,8.1514
Deployment_3,20080325,0200,-51.29483,-37.82825,4.56,310.0,311.4,4.59,315.7,312.1,4.58,313.5,312.9,1.85,384.0,307.7,0.84,408.6,306.5,4.66,8.1525
Deployment_3,20080325,0230,-51.29534,-37.82161,4.58,309.9,311.4,4.59,316.9,311.8,4.58,313.9,311.9,1.53,386.9,308.6,0.84,412.5,305.8,4.67,8.1515
Deployment_3,20080325,0300,-51.29572,-37.81524,4.58,309.9,311.9,4.59,317.7,311.9,4.58,315.3,311.4,1.85,386.2,309.3,0.78,412.9,305.5,4.69,8.1502
Deployment_3,20080325,0330,-51.29610,-37.80887,4.58,310.7,312.1,4.59,319.3,311.8,4.61,315.4,311.8,2.22,382.6,310.6,1.10,415.3,309.0,4.69,8.1516
Deployment_3,20080325,0400,-51.29557,-37.80337,4.58,310.1,311.8,4.59,318.4,312.0,4.50,317.0,311.5,1.77,382.2,309.9,0.76,406.5,305.4,4.69,8.1533
Deployment_3,20080325,0430,-51.29503,-37.79788,4.58,310.6,311.7,4.59,318.4,311.5,4.58,316.2,311.7,2.01,383.5,310.2,0.86,415.6,305.5,4.69,8.1524
Deployment_3,20080325,0500,-51.29462,-37.79339,4.58,310.6,311.6,4.59,318.2,311.7,4.61,316.3,312.1,1.87,380.4,310.3,0.81,410.2,305.5,4.69,8.1512
Deployment_3,20080325,0530,-51.29422,-37.78890,4.58,310.7,311.5,4.59,317.9,311.5,4.61,315.5,311.2,1.85,382.2,310.1,1.00,411.4,307.0,4.68,8.1508
Deployment_3,20080325,0600,-51.29437,-37.78522,4.56,311.3,311.8,4.56,317.9,311.6,4.61,315.2,311.2,1.39,389.8,308.5,0.78,409.0,305.8,4.66,8.1505
Deployment_3,20080325,0630,-51.29452,-37.78155,4.56,311.4,312.1,4.56,317.4,312.1,3.47,340.6,307.5,1.10,400.5,306.7,0.65,417.8,302.5,4.66,8.1502
Deployment_3,20080325,0700,-51.29510,-37.77754,4.56,311.4,312.0,4.54,318.9,311.7,4.16,327.6,310.3,1.34,394.1,307.6,0.84,421.8,306.4,4.66,8.1499
Deployment_3,20080325,0730,-51.29568,-37.77354,4.53,311.6,311.8,4.54,317.6,312.1,4.37,325.3,310.1,1.71,389.8,308.8,1.10,411.7,307.9,4.65,8.1511
Deployment_3,20080325,0800,-51.29650,-37.76957,4.53,312.1,312.0,4.54,317.2,312.1,4.53,319.3,311.8,1.85,384.2,308.0,1.16,407.4,308.2,4.64,8.1525
Deployment_3,20080325,0830,-51.29733,-37.76560,4.53,311.7,312.0,4.54,317.3,312.1,4.56,315.9,311.6,1.58,385.7,307.4,0.92,407.2,307.6,4.64,8.1515
Deployment_3,20080325,0900,-51.29829,-37.76195,4.53,312.4,312.2,4.54,317.9,311.9,4.56,315.5,311.7,1.79,387.0,307.5,0.86,406.1,307.2,4.64,8.1502
Deployment_3,20080325,0930,-51.29926,-37.75830,4.53,312.4,312.2,4.54,317.1,312.0,4.53,315.6,312.2,1.66,381.5,307.4,0.86,411.7,306.4,4.64,8.1509
Deployment_3,20080325,1000,-51.30118,-37.75597,4.53,312.6,312.1,4.54,318.2,312.1,4.53,316.6,312.3,1.79,381.3,309.1,1.08,410.3,306.8,4.64,8.1519
Deployment_3,20080325,1030,-51.30310,-37.75364,4.53,312.7,312.5,4.54,318.0,311.7,4.53,315.3,311.9,2.19,383.6,310.0,0.97,411.6,307.3,4.64,8.1520
Deployment_3,20080325,1100,-51.30507,-37.74989,4.53,312.9,312.4,4.54,318.2,311.7,4.50,315.7,312.4,1.87,382.5,309.5,0.92,406.0,306.6,4.64,8.1520
Deployment_3,20080325,1130,-51.30704,-37.74613,4.53,314.1,312.1,4.56,318.3,312.1,4.53,315.7,312.3,2.43,378.5,308.7,1.13,408.4,307.9,4.64,8.1518
Deployment_3,20080325,1200,-51.30901,-37.74060,4.53,313.3,312.2,4.54,319.1,312.1,4.56,315.4,312.8,2.01,376.7,308.1,0.92,405.8,307.1,4.64,8.1515
Deployment_3,20080325,1230,-51.31097,-37.73506,4.53,312.7,312.7,4.54,318.3,311.8,4.56,315.9,311.9,2.43,380.5,308.9,1.13,409.4,308.1,4.64,8.1512
Deployment_3,20080325,1300,-51.31265,-37.72826,4.53,313.8,312.5,4.54,318.3,312.1,4.53,315.6,312.4,2.51,370.0,309.8,1.13,404.2,307.7,4.64,8.1508
Deployment_3,20080325,1330,-51.31433,-37.72146,4.53,313.8,311.7,4.51,318.3,312.4,4.53,316.0,313.1,2.48,373.9,310.2,1.10,407.5,307.3,4.63,8.1509
Deployment_3,20080325,1400,-51.31600,-37.71411,4.50,313.2,312.2,4.51,318.2,312.3,4.53,315.7,313.0,2.22,375.9,309.8,1.05,403.2,308.0,4.62,8.1510
Deployment_3,20080325,1430,-51.31768,-37.70676,4.53,314.3,311.9,4.51,317.9,312.5,4.50,315.1,313.2,2.01,376.5,308.8,0.97,403.3,307.2,4.62,8.1506
Deployment_3,20080325,1500,-51.31939,-37.69950,4.53,313.2,312.1,4.51,318.6,312.7,4.48,315.1,313.5,2.03,378.6,309.5,0.89,410.0,306.5,4.63,8.1501
Deployment_3,20080325,1530,-51.32110,-37.69224,4.53,314.0,312.0,4.54,318.0,312.4,4.50,316.3,313.1,1.87,381.0,309.4,0.89,411.3,306.8,4.63,8.1499
Deployment_3,20080325,1600,-51.32268,-37.68515,4.53,313.7,311.7,4.54,318.4,312.3,4.56,316.1,312.8,1.93,381.9,310.3,0.92,413.0,306.9,4.64,8.1498
Deployment_3,20080325,1630,-51.32425,-37.67806,4.50,312.9,312.3,4.51,318.9,312.4,4.53,316.4,313.0,2.80,370.5,310.5,1.05,415.0,307.5,4.64,8.1504
Deployment_3,20080325,1700,-51.32558,-37.67098,4.50,312.8,312.1,4.51,317.9,312.5,4.48,316.0,313.8,2.22,373.8,311.7,1.24,417.0,307.8,4.63,8.1511
Deployment_3,20080325,1730,-51.32691,-37.66390,4.50,313.5,311.4,4.54,317.5,312.3,4.53,316.1,312.9,2.14,376.9,310.9,1.08,419.0,308.0,4.63,8.1508
Deployment_3,20080325,1800,-51.32780,-37.65721,4.50,313.3,312.0,4.51,318.5,312.9,4.48,315.6,313.4,1.82,376.4,309.7,1.02,421.0,307.6,4.62,8.1503
Deployment_3,20080325,1830,-51.32869,-37.65051,4.53,313.4,312.1,4.51,318.4,313.0,4.50,315.7,313.0,1.90,375.6,310.7,1.02,423.0,308.1,4.62,8.1503
Deployment_3,20080325,1900,-51.32966,-37.64496,4.50,313.9,312.0,4.48,317.3,313.2,4.50,314.9,313.6,1.45,392.5,307.4,0.86,425.0,307.2,4.62,8.1503
Deployment_3,20080325,1930,-51.33062,-37.63941,4.50,313.7,312.3,4.48,318.0,313.1,4.42,315.4,313.3,1.55,391.6,307.2,0.89,427.0,306.9,4.62,8.1510
Deployment_3,20080325,2017,-51.33183,-37.63396,4.50,313.7,312.1,4.51,317.8,313.0,4.34,314.4,314.4,1.50,398.6,307.6,0.78,427.5,306.2,4.61,8.1508
Deployment_3,20080325,2100,-51.33305,-37.62852,4.50,313.7,312.8,4.51,317.4,312.6,4.50,315.8,313.4,1.45,399.6,307.3,0.76,425.5,305.9,4.61,8.1498
Deployment_3,20080325,2130,-51.33441,-37.62347,4.50,314.7,312.1,4.51,317.0,312.9,4.42,315.6,313.6,1.42,405.3,308.1,0.73,424.4,304.5,4.61,8.1499
Deployment_3,20080325,2200,-51.33578,-37.61843,4.53,315.8,312.3,4.51,317.2,313.0,4.40,316.5,314.5,1.21,401.9,306.9,0.70,422.9,304.2,4.62,8.1501
Deployment_3,20080325,2230,-51.33756,-37.61282,4.50,315.5,312.3,4.51,317.7,312.9,4.21,317.2,314.1,1.69,396.0,307.8,0.86,419.2,306.8,4.62,8.1497
Deployment_3,20080325,2300,-51.33934,-37.60720,4.50,314.8,312.6,4.51,318.0,312.7,4.45,316.1,313.9,1.82,387.1,308.2,1.00,408.1,306.8,4.63,8.1492
Deployment_3,20080325,2330,-51.34054,-37.60104,4.50,313.8,312.3,4.51,319.2,312.9,4.50,316.1,313.3,1.90,386.1,308.5,0.97,405.5,307.2,4.63,8.1491
Deployment_3,20080326,0000,-51.34174,-37.59488,4.50,312.3,312.3,4.51,319.1,312.4,4.48,315.4,313.6,1.66,388.4,307.9,0.70,408.9,305.3,4.62,8.1491
Deployment_3,20080326,0030,-51.34384,-37.59088,4.53,312.7,312.6,4.51,318.9,312.9,4.48,315.9,314.0,1.85,385.8,307.6,0.84,411.5,306.8,4.62,8.1493
Deployment_3,20080326,0100,-51.34595,-37.58688,4.50,311.6,312.6,4.51,317.8,312.6,4.48,316.2,313.9,2.86,382.5,311.2,1.13,412.3,307.9,4.62,8.1496
Deployment_3,20080326,0130,-51.34666,-37.58289,4.53,311.9,312.3,4.54,318.3,312.2,4.50,315.5,313.3,3.09,347.8,307.8,1.66,400.7,308.4,4.62,8.1495
Deployment_3,20080326,0200,-51.34737,-37.57890,4.53,311.3,312.4,4.51,317.3,312.6,4.50,316.1,313.0,2.78,355.8,309.2,1.10,390.8,306.9,4.63,8.1494
Deployment_3,20080326,0230,-51.34894,-37.57204,4.53,311.8,312.8,4.54,316.7,312.3,4.48,315.9,312.9,2.40,364.2,307.7,0.94,400.8,306.8,4.63,8.1492
Deployment_3,20080326,0300,-51.35052,-37.56519,4.53,311.5,312.7,4.51,317.1,312.7,4.53,316.2,312.5,2.27,371.4,306.8,0.92,401.1,306.7,4.64,8.1491
Deployment_3,20080326,0330,-51.35248,-37.56018,4.53,311.1,313.0,4.48,316.2,312.9,4.48,316.0,313.2,2.32,371.9,307.8,1.16,403.1,307.7,4.64,8.1490
Deployment_3,20080326,0400,-51.35444,-37.55517,4.50,311.5,312.9,4.48,317.4,312.8,4.45,316.1,313.3,2.22,375.5,308.2,1.00,400.6,307.1,4.63,8.1490
Deployment_3,20080326,0430,-51.35614,-37.55032,4.53,311.3,312.5,4.48,317.1,312.9,4.45,316.1,314.0,1.79,382.1,307.4,0.60,404.7,302.2,4.63,8.1497
Deployment_3,20080326,0500,-51.35783,-37.54548,4.50,311.2,312.8,4.48,316.8,312.7,4.42,315.9,313.6,1.74,391.9,308.4,0.68,418.1,302.5,4.64,8.1504
Deployment_3,20080326,0530,-51.35953,-37.54063,4.53,311.5,313.1,4.48,317.0,313.0,4.42,315.9,314.4,1.47,397.6,306.7,0.62,417.4,302.3,4.63,8.1502
Deployment_3,20080326,0600,-51.36123,-37.53579,4.50,311.2,313.0,4.48,317.1,313.0,4.34,317.3,313.8,1.58,389.9,307.8,0.70,418.1,304.7,4.62,8.1499
Deployment_3,20080326,0630,-51.36293,-37.53094,4.50,311.1,313.5,4.46,317.1,313.2,4.37,317.0,313.6,1.31,394.5,306.3,0.73,415.8,305.7,4.62,8.1499
Deployment_3,20080326,0700,-51.36462,-37.52609,4.50,310.9,313.2,4.46,316.8,313.0,4.37,317.2,313.5,1.31,399.9,306.9,0.84,415.0,306.8,4.63,8.1500
Deployment_3,20080326,0730,-51.36669,-37.52201,4.53,311.1,313.0,4.48,316.3,312.6,4.37,317.6,313.6,1.74,390.6,309.0,0.97,405.7,306.9,4.63,8.1488
Deployment_3,20080326,0800,-51.36875,-37.51792,4.53,311.5,313.7,4.48,316.7,312.5,4.50,317.0,313.1,1.77,385.8,309.6,0.97,403.7,306.9,4.63,8.1475
Deployment_3,20080326,0830,-51.37123,-37.51311,4.50,310.8,313.6,4.48,316.7,312.7,4.48,316.6,313.3,1.85,388.3,310.3,0.97,402.8,307.2,4.62,8.1473
Deployment_3,20080326,0900,-51.37370,-37.50830,4.50,311.1,313.5,4.46,317.9,312.9,4.48,317.1,313.3,2.22,386.0,311.5,1.08,407.4,307.7,4.61,8.1473
Deployment_3,20080326,0930,-51.37694,-37.50165,4.50,310.7,313.8,4.46,316.6,313.1,4.48,316.8,313.1,1.50,389.6,309.5,0.70,404.1,304.9,4.61,8.1478
Deployment_3,20080326,1000,-51.38018,-37.49501,4.50,311.1,313.6,4.46,317.2,313.1,4.40,316.9,313.7,1.39,392.7,307.1,0.62,413.4,302.7,4.61,8.1483
Deployment_3,20080326,1030,-51.38198,-37.49082,4.48,311.6,313.9,4.46,317.6,312.9,4.42,316.8,313.6,1.74,391.2,308.2,0.94,411.9,306.7,4.62,8.1489
Deployment_3,20080326,1100,-51.38378,-37.48662,4.48,311.4,313.5,4.46,317.1,312.9,4.42,316.8,312.8,1.47,391.9,307.0,0.86,408.1,306.4,4.64,8.1495
Deployment_3,20080326,1130,-51.38639,-37.48095,4.48,312.1,313.9,4.43,316.4,313.0,4.40,317.8,312.8,1.58,392.3,308.0,0.86,408.6,306.4,4.64,8.1490
Deployment_3,20080326,1200,-51.38900,-37.47528,4.48,311.0,313.8,4.43,316.9,312.9,4.42,317.0,313.1,2.01,384.9,308.6,0.92,408.0,307.0,4.64,8.1484
Deployment_3,20080326,1230,-51.39064,-37.47001,4.48,311.8,313.9,4.43,317.5,313.0,4.48,316.7,312.3,2.48,376.5,310.0,0.97,404.3,307.4,4.65,8.1483
Deployment_3,20080326,1300,-51.39228,-37.46474,4.48,311.6,313.8,4.43,316.5,312.8,4.48,316.9,312.5,2.91,349.5,308.0,1.13,404.3,307.1,4.66,8.1483
Deployment_3,20080326,1330,-51.39422,-37.46050,4.48,311.8,313.3,4.46,317.9,313.0,4.48,316.5,312.2,3.20,355.8,310.1,1.02,402.5,307.8,4.68,8.1487
Deployment_3,20080326,1400,-51.39615,-37.45626,4.48,312.2,313.6,4.46,317.0,312.9,4.48,326.8,312.6,3.36,342.3,310.0,1.00,401.1,307.9,4.70,8.1490
Deployment_3,20080326,1430,-51.39766,-37.45128,4.48,311.5,313.9,4.43,317.0,312.8,4.48,317.0,312.3,2.64,360.5,309.7,1.05,399.1,308.2,4.72,8.1489
Deployment_3,20080326,1500,-51.39917,-37.44630,4.50,312.2,313.4,4.46,317.1,312.9,4.45,316.3,312.6,2.11,373.6,307.0,0.94,397.5,307.8,4.74,8.1488
Deployment_3,20080326,1530,-51.40051,-37.44179,4.50,311.5,313.5,4.46,318.0,313.3,4.45,317.9,312.7,1.79,381.3,308.0,0.84,400.0,306.9,4.75,8.1486
Deployment_3,20080326,1600,-51.40185,-37.43728,4.48,311.5,313.8,4.46,316.9,313.1,4.42,317.6,312.4,1.63,387.0,307.9,0.89,404.0,307.8,4.77,8.1485
Deployment_3,20080326,1630,-51.40330,-37.43297,4.53,312.2,313.4,4.46,316.6,313.2,4.45,316.9,312.3,1.85,391.6,309.8,1.02,404.0,308.3,4.77,8.1480
Deployment_3,20080326,1700,-51.40474,-37.42866,4.56,311.3,313.6,4.46,316.0,313.0,4.42,317.7,312.4,1.50,389.5,308.3,0.81,400.7,306.8,4.77,8.1475
Deployment_3,20080326,1730,-51.40657,-37.42433,4.61,312.0,313.0,4.46,316.6,313.2,4.48,315.9,312.7,2.38,386.6,309.7,1.10,402.6,308.4,4.76,8.1491
Deployment_3,20080326,1800,-51.40840,-37.42000,4.61,311.8,312.9,4.46,315.0,312.8,4.45,316.2,312.7,2.06,383.3,310.1,1.05,394.6,308.2,4.74,8.1508
Deployment_3,20080326,1830,-51.41055,-37.41745,4.61,312.3,313.3,4.46,317.2,312.9,4.40,316.3,312.5,1.39,391.9,307.7,0.73,401.7,304.7,4.73,8.1503
Deployment_3,20080326,1900,-51.41271,-37.41490,4.61,311.3,313.3,4.46,316.4,313.1,3.81,331.1,312.6,1.05,400.7,305.9,0.60,412.7,301.7,4.71,8.1495
Deployment_3,20080326,1930,-51.41505,-37.41285,4.61,311.6,313.1,4.46,317.3,312.8,4.34,320.3,312.7,1.13,405.7,305.0,0.57,421.2,301.3,4.71,8.1489
Deployment_3,20080326,2000,-51.41739,-37.41080,4.58,311.6,313.3,4.48,317.2,312.7,4.40,316.4,312.4,1.45,398.8,308.6,0.62,418.5,303.5,4.70,8.1485
Deployment_3,20080326,2030,-51.42018,-37.40808,4.58,311.3,313.5,4.48,316.4,312.7,4.37,316.6,312.3,1.21,399.1,307.1,0.81,419.8,305.3,4.70,8.1485
Deployment_3,20080326,2100,-51.42298,-37.40536,4.58,311.6,313.5,4.48,316.6,312.8,4.42,316.2,312.1,1.79,392.2,309.2,1.00,412.5,307.4,4.69,8.1486
Deployment_3,20080326,2130,-51.42609,-37.40206,4.56,311.7,313.4,4.46,315.8,312.9,4.37,315.5,312.7,1.53,388.6,308.1,0.89,402.4,307.0,4.67,8.1488
Deployment_3,20080326,2200,-51.42921,-37.39876,4.56,311.5,312.5,4.46,315.8,312.8,4.40,317.0,312.4,1.79,391.2,308.9,0.92,409.6,307.6,4.65,8.1489
Deployment_3,20080326,2230,-51.43276,-37.39541,4.53,311.4,313.7,4.46,315.9,312.9,4.40,315.4,312.6,1.82,383.5,308.5,1.16,402.5,308.2,4.64,8.1490
Deployment_3,20080326,2300,-51.43630,-37.39205,4.53,311.4,313.8,4.46,317.6,312.8,4.42,316.4,312.2,2.56,379.0,310.5,1.34,400.6,309.5,4.62,8.1492
Deployment_3,20080326,2330,-51.43869,-37.38911,4.50,310.9,313.5,4.46,317.8,312.6,4.45,316.7,311.4,2.78,355.7,309.9,1.42,393.8,309.1,4.62,8.1491
Deployment_3,20080327,0000,-51.44108,-37.38618,4.50,311.3,313.5,4.46,316.8,312.8,4.40,317.3,312.0,1.82,372.6,308.4,0.89,394.1,305.7,4.61,8.1490
Deployment_3,20080327,0030,-51.44497,-37.38343,4.50,311.3,313.8,4.43,317.8,312.9,4.40,317.5,311.9,2.01,383.8,308.7,0.94,404.8,306.9,4.61,8.1483
Deployment_3,20080327,0100,-51.44886,-37.38068,4.50,311.4,312.8,4.43,317.4,312.7,4.42,316.5,311.7,2.27,379.0,310.9,0.89,405.1,306.9,4.61,8.1476
Deployment_3,20080327,0130,-51.45201,-37.37525,4.48,311.6,313.0,4.43,317.3,313.0,4.42,316.9,311.1,2.30,377.1,309.9,0.94,407.1,307.3,4.60,8.1477
Deployment_3,20080327,0200,-51.45515,-37.36983,4.48,311.2,313.2,4.43,316.8,312.7,4.45,317.1,311.8,3.79,343.2,310.9,1.82,402.8,308.6,4.58,8.1479
Deployment_3,20080327,0230,-51.45735,-37.36567,4.48,311.6,313.0,4.43,317.2,313.0,4.45,317.0,311.5,3.81,331.7,312.4,1.66,385.2,308.4,4.57,8.1485
Deployment_3,20080327,0300,-51.45955,-37.36151,4.48,311.8,313.1,4.43,317.6,312.7,4.45,317.5,311.2,3.23,350.4,311.8,1.61,384.1,309.3,4.56,8.1491
Deployment_3,20080327,0330,-51.46294,-37.35815,4.48,311.2,313.5,4.40,316.4,312.9,4.45,316.8,311.7,2.35,368.1,308.1,1.18,386.1,308.2,4.56,8.1494
Deployment_3,20080327,0400,-51.46634,-37.35478,4.48,312.1,313.2,4.40,317.2,312.7,4.45,317.2,311.1,1.98,374.7,308.1,1.13,393.5,308.6,4.56,8.1496
Deployment_3,20080327,0430,-51.46559,-37.34919,4.48,311.8,313.0,4.40,317.8,312.9,4.21,318.6,311.5,1.18,392.4,306.4,0.68,398.9,303.9,4.56,8.1495
Deployment_3,20080327,0500,-51.46485,-37.34359,4.48,311.6,313.3,4.43,317.2,312.8,4.34,317.8,312.0,1.26,398.5,306.7,0.68,414.2,303.9,4.56,8.1494
Deployment_3,20080327,0530,-51.46562,-37.34089,4.48,311.9,313.6,4.43,317.2,312.8,4.42,317.6,311.8,1.50,394.8,307.7,0.81,410.2,305.8,4.56,8.1493
Deployment_3,20080327,0600,-51.46640,-37.33819,4.48,311.7,313.1,4.43,317.4,312.9,4.42,317.0,311.6,1.42,394.0,307.8,0.73,408.7,304.5,4.56,8.1492
Deployment_3,20080327,0630,-51.46731,-37.33589,4.48,311.9,313.1,4.43,317.8,312.6,4.37,318.3,311.5,1.37,397.3,308.2,0.62,411.9,302.9,4.56,8.1490
Deployment_3,20080327,0700,-51.46823,-37.33359,4.45,311.3,313.3,4.43,318.2,312.9,4.45,317.3,311.4,1.69,389.7,308.4,0.92,413.9,307.0,4.55,8.1489
Deployment_3,20080327,0730,-51.46949,-37.33129,4.45,310.8,312.8,4.43,317.4,312.9,4.45,317.0,311.3,1.85,387.5,309.5,1.13,405.7,307.8,4.55,8.1494
Deployment_3,20080327,0800,-51.47075,-37.32900,4.45,311.4,313.3,4.43,317.4,312.7,4.34,317.0,311.3,1.39,392.6,310.9,0.78,404.6,305.5,4.56,8.1500
Deployment_3,20080327,0830,-51.47258,-37.32776,4.45,310.8,313.4,4.46,316.2,312.8,4.45,317.2,311.2,1.37,396.5,311.9,0.78,407.8,305.9,4.56,8.1494
Deployment_3,20080327,0900,-51.47441,-37.32652,4.42,310.9,314.7,4.46,317.3,312.7,4.32,318.1,310.9,1.24,398.1,309.2,0.76,412.3,305.5,4.56,8.1486
Deployment_3,20080327,0930,-51.47667,-37.32551,4.45,311.7,314.7,4.46,316.4,312.8,4.45,318.0,311.2,1.61,394.6,310.2,0.92,411.0,306.7,4.56,8.1487
Deployment_3,20080327,1000,-51.47893,-37.32451,4.45,310.5,315.0,4.46,316.1,312.8,4.45,317.4,310.5,1.90,387.3,310.3,0.92,402.3,306.8,4.56,8.1488
Deployment_3,20080327,1030,-51.48147,-37.32371,4.48,311.5,314.6,4.46,316.9,312.7,4.45,317.1,310.5,2.19,380.5,310.4,1.13,402.8,308.1,4.58,8.1488
Deployment_3,20080327,1100,-51.48400,-37.32291,4.50,311.9,314.1,4.46,317.2,312.5,4.42,317.7,311.1,1.90,385.1,310.9,1.16,397.3,307.9,4.61,8.1487
Deployment_3,20080327,1130,-51.48679,-37.32284,4.50,311.3,314.6,4.46,316.6,312.6,4.42,316.8,310.5,1.74,385.3,309.5,0.89,396.5,306.9,4.62,8.1487
Deployment_3,20080327,1200,-51.48958,-37.32278,4.50,311.2,314.5,4.46,317.3,312.6,4.48,317.1,310.7,2.91,375.8,310.4,1.55,404.5,310.7,4.64,8.1487
Deployment_3,20080327,1230,-51.49375,-37.32209,4.50,312.2,314.6,4.43,317.0,312.7,4.45,317.6,310.5,2.24,374.4,311.1,1.10,391.5,308.7,4.64,8.1486
Deployment_3,20080327,1300,-51.49792,-37.32140,4.50,312.1,314.5,4.46,317.3,312.7,4.45,317.2,310.5,2.35,371.7,310.0,1.18,394.9,308.4,4.64,8.1484
Deployment_3,20080327,1330,-51.50103,-37.31977,4.53,312.8,314.4,4.43,318.0,312.4,4.32,319.0,311.5,1.98,379.9,309.8,0.92,400.5,307.0,4.64,8.1483
Deployment_3,20080327,1400,-51.50414,-37.31814,4.53,312.5,314.3,4.43,318.0,312.5,4.45,318.7,310.9,2.38,375.5,311.0,1.29,399.2,309.1,4.65,8.1482
Deployment_3,20080327,1430,-51.50764,-37.31512,4.53,313.0,314.1,4.43,318.2,312.5,4.40,317.7,310.8,2.06,378.4,310.2,1.00,398.4,307.9,4.65,8.1483
Deployment_3,20080327,1500,-51.51114,-37.31211,4.53,312.5,314.0,4.43,317.7,313.0,4.40,318.0,310.9,2.14,373.1,309.3,1.05,396.0,306.8,4.64,8.1483
Deployment_3,20080327,1530,-51.51354,-37.30719,4.56,313.5,313.9,4.43,316.4,312.9,4.40,317.9,311.1,2.16,376.0,309.1,0.86,402.1,305.5,4.64,8.1484
Deployment_3,20080327,1600,-51.51595,-37.30227,4.53,313.5,313.7,4.43,316.2,312.8,4.40,317.6,311.0,2.30,375.5,309.4,0.89,405.4,306.3,4.64,8.1484
Deployment_3,20080327,1630,-51.51836,-37.29736,4.56,313.5,313.3,4.43,317.5,312.9,4.21,319.0,312.1,1.47,381.7,307.9,0.65,406.1,303.3,4.64,8.1499
Deployment_3,20080327,1700,-51.52077,-37.29244,4.53,313.2,313.5,4.43,317.5,312.8,4.32,318.0,311.5,1.85,382.6,309.4,0.89,412.2,307.0,4.65,8.1516
Deployment_3,20080327,1730,-51.52258,-37.28789,4.53,313.8,313.5,4.43,316.9,313.0,4.34,318.4,311.2,2.35,367.9,308.5,1.08,406.5,307.7,4.65,8.1498
Deployment_3,20080327,1800,-51.52440,-37.28333,4.56,313.6,313.6,4.46,317.2,312.8,4.32,319.0,311.5,1.71,379.8,308.4,0.94,401.7,306.8,4.64,8.1476
Deployment_3,20080327,1830,-51.52583,-37.27941,4.53,314.3,313.4,4.46,316.9,312.7,4.34,317.7,311.5,2.43,384.1,309.8,1.00,402.4,307.8,4.63,8.1473
Deployment_3,20080327,1900,-51.52726,-37.27549,4.50,313.8,313.2,4.43,317.1,312.6,4.32,318.3,311.2,1.58,384.7,308.5,0.78,403.5,304.8,4.61,8.1472
Deployment_3,20080327,1930,-51.52888,-37.27361,4.53,314.2,312.6,4.51,316.6,312.9,4.37,317.3,311.1,1.66,385.1,309.0,0.78,410.8,305.5,4.62,8.1467
Deployment_3,20080327,2000,-51.53050,-37.27174,4.53,314.2,313.1,4.48,317.7,312.8,4.40,317.5,310.8,1.74,386.1,308.9,0.84,409.0,305.8,4.64,8.1461
Deployment_3,20080327,2030,-51.53205,-37.27036,4.53,314.9,313.0,4.46,317.2,313.0,4.40,318.3,311.4,1.74,386.7,309.1,0.84,410.4,304.9,4.63,8.1462
Deployment_3,20080327,2100,-51.53361,-37.26898,4.50,314.4,313.3,4.48,316.9,312.8,4.42,317.1,310.6,1.74,385.9,309.4,1.05,405.5,306.8,4.61,8.1463
Deployment_3,20080327,2130,-51.53509,-37.26856,4.48,314.3,313.1,4.46,317.6,313.0,4.42,318.0,310.4,1.45,394.6,309.4,1.00,398.8,306.9,4.59,8.1467
Deployment_3,20080327,2200,-51.53657,-37.26814,4.48,314.3,313.1,4.46,317.2,312.9,4.42,317.7,310.1,1.58,394.1,310.2,0.89,403.1,305.5,4.57,8.1471
Deployment_3,20080327,2230,-51.53827,-37.26822,4.45,313.8,313.0,4.46,317.1,312.9,4.42,317.8,310.0,1.79,390.0,310.4,1.00,406.6,308.3,4.57,8.1471
Deployment_3,20080327,2300,-51.53997,-37.26831,4.45,313.8,313.4,4.46,317.4,312.8,4.45,317.9,310.1,1.85,383.0,310.2,0.94,399.4,307.6,4.56,8.1471
Deployment_3,20080327,2330,-51.54173,-37.26796,4.45,313.5,313.4,4.46,316.1,312.9,4.40,317.7,310.4,2.01,383.7,309.7,0.94,401.7,306.3,4.56,8.1470
Deployment_3,20080328,0000,-51.54349,-37.26761,4.45,313.7,313.4,4.43,317.4,312.7,4.29,319.7,310.9,2.22,380.3,309.8,1.00,404.0,309.7,4.56,8.1468
Deployment_3,20080328,0030,-51.54701,-37.26833,4.45,313.9,313.4,4.46,317.2,312.6,4.34,318.3,311.2,1.87,384.1,310.8,0.94,400.7,306.6,4.56,8.1466
Deployment_3,20080328,0100,-51.55053,-37.26905,4.45,313.7,313.6,4.43,316.8,312.9,4.24,319.5,311.7,1.95,386.4,310.4,0.97,405.9,307.9,4.56,8.1464
Deployment_3,20080328,0130,-51.55395,-37.26948,4.45,313.6,313.6,4.43,316.8,312.8,4.32,318.7,310.9,1.85,385.1,310.3,0.97,401.3,307.5,4.56,8.1464
Deployment_3,20080328,0200,-51.55736,-37.26992,4.45,313.9,313.6,4.46,316.3,312.9,4.34,318.5,310.7,2.03,384.9,310.7,1.00,404.8,306.9,4.56,8.1463
Deployment_3,20080328,0230,-51.56096,-37.26919,4.45,314.2,313.6,4.43,317.5,312.9,4.32,318.5,310.9,2.03,383.8,311.5,1.08,404.6,307.8,4.56,8.1463
Deployment_3,20080328,0300,-51.56456,-37.26847,4.45,313.9,313.7,4.43,316.8,312.9,4.29,318.5,311.3,1.87,383.2,309.7,1.00,397.9,307.0,4.56,8.1463
Deployment_3,20080328,0330,-51.56802,-37.26686,4.45,313.7,313.7,4.43,316.2,312.8,4.34,318.3,311.0,2.11,383.7,310.2,1.37,402.9,311.4,4.56,8.1458
Deployment_3,20080328,0400,-51.57148,-37.26525,4.45,314.6,314.0,4.46,317.2,312.5,4.37,318.7,310.7,2.19,376.9,310.8,1.47,396.3,311.1,4.56,8.1453
Deployment_3,20080328,0430,-51.57485,-37.26296,4.45,314.1,313.8,4.46,317.2,312.7,4.37,318.8,310.5,2.16,375.4,310.4,1.00,394.6,307.4,4.56,8.1450
Deployment_3,20080328,0500,-51.57821,-37.26068,4.45,313.4,313.8,4.46,318.3,312.6,4.34,318.2,310.4,1.90,379.8,309.1,0.86,404.5,306.5,4.55,8.1449
Deployment_3,20080328,0530,-51.58110,-37.25710,4.45,314.8,313.9,4.46,317.3,312.3,4.32,318.4,311.0,1.90,381.6,309.3,0.81,405.3,305.3,4.55,8.1451
Deployment_3,20080328,0600,-51.58399,-37.25351,4.45,314.8,314.1,4.46,318.1,312.6,4.21,318.3,311.6,1.47,390.5,309.4,0.70,410.7,303.3,4.56,8.1454
Deployment_3,20080328,0630,-51.58637,-37.24932,4.45,314.0,314.1,4.46,316.8,312.3,4.37,319.2,310.9,1.95,389.7,309.6,0.73,418.1,304.5,4.55,8.1459
Deployment_3,20080328,0700,-51.58876,-37.24513,4.42,314.2,314.0,4.46,317.9,312.3,4.48,318.2,309.7,2.59,355.5,309.0,1.08,409.3,307.2,4.54,8.1465
Deployment_3,20080328,0730,-51.59048,-37.24180,4.45,314.7,314.3,4.46,318.3,312.1,4.40,317.7,310.0,2.03,373.9,310.1,0.78,407.7,304.3,4.54,8.1461
Deployment_3,20080328,0800,-51.59220,-37.23847,4.42,314.4,313.9,4.46,318.2,312.3,4.45,318.2,310.3,2.11,378.1,310.1,0.78,412.8,304.3,4.53,8.1456
Deployment_3,20080328,0830,-51.59312,-37.23537,4.42,314.6,314.1,4.43,317.9,312.2,4.45,317.6,309.9,2.35,367.5,310.0,1.05,414.1,307.2,4.53,8.1452
Deployment_3,20080328,0900,-51.59403,-37.23226,4.42,313.9,314.2,4.43,317.8,312.6,4.42,318.5,310.4,1.95,378.6,309.4,0.76,405.9,303.6,4.53,8.1449
Deployment_3,20080328,0930,-51.59505,-37.23124,4.42,314.5,314.1,4.43,318.2,312.3,4.34,317.8,310.9,1.93,381.9,309.0,0.84,410.7,304.1,4.53,8.1447
Deployment_3,20080328,1000,-51.59607,-37.23022,4.42,314.6,314.0,4.43,318.0,312.3,4.34,318.0,311.0,2.38,376.3,310.8,1.18,411.5,308.7,4.53,8.1445
Deployment_3,20080328,1030,-51.59676,-37.22995,4.40,314.6,313.8,4.43,317.2,312.4,4.32,317.5,311.3,2.30,371.6,309.3,1.08,400.4,307.5,4.52,8.1445
Deployment_3,20080328,1100,-51.59744,-37.22968,4.40,314.6,313.8,4.38,316.8,313.2,4.13,319.2,312.3,1.90,381.2,308.7,0.94,403.3,306.1,4.51,8.1445
Deployment_3,20080328,1130,-51.59871,-37.22985,4.40,315.3,313.6,4.38,316.7,313.3,4.08,318.6,312.1,1.82,381.9,308.2,0.89,404.5,305.2,4.51,8.1452
Deployment_3,20080328,1200,-51.59999,-37.23002,4.40,315.2,313.5,4.32,317.5,313.6,4.10,319.0,312.1,1.71,381.1,309.0,0.92,403.7,308.9,4.50,8.1460
Deployment_3,20080328,1230,-51.60159,-37.23059,4.40,315.7,313.5,4.32,316.9,313.6,4.13,317.4,312.7,1.42,394.8,309.4,0.84,403.1,308.5,4.51,8.1464
Deployment_3,20080328,1300,-51.60319,-37.23117,4.40,315.2,313.6,4.35,317.0,313.3,4.21,318.5,312.5,1.45,396.9,310.4,0.89,401.5,311.2,4.52,8.1467
Deployment_3,20080328,1330,-51.60501,-37.23147,4.42,315.9,313.6,4.40,315.8,312.6,4.26,316.7,312.2,2.27,383.7,309.4,1.00,402.0,310.8,4.52,8.1470
Deployment_3,20080328,1400,-51.60682,-37.23178,4.42,316.9,313.5,4.40,318.5,313.1,4.26,317.2,311.9,2.14,378.1,310.3,0.94,400.7,309.1,4.53,8.1473
Deployment_3,20080328,1430,-51.60924,-37.23168,4.42,316.3,313.6,4.40,317.3,312.8,4.26,316.9,312.4,1.63,386.5,310.7,0.86,404.8,309.3,4.54,8.1472
Deployment_3,20080328,1500,-51.61166,-37.23158,4.45,316.2,313.4,4.40,317.1,313.0,4.26,317.2,312.1,2.19,382.3,309.7,1.05,404.9,307.9,4.56,8.1472
Deployment_3,20080328,1530,-51.61462,-37.23120,4.42,316.7,313.5,4.40,317.7,312.8,4.26,316.2,312.2,2.01,382.3,310.4,1.16,400.0,308.9,4.56,8.1473
Deployment_3,20080328,1600,-51.61758,-37.23082,4.45,317.5,313.6,4.40,317.4,312.7,4.29,317.1,311.8,2.14,380.6,310.7,1.26,397.5,309.0,4.56,8.1475
Deployment_3,20080328,1630,-51.62025,-37.22983,4.45,318.1,313.9,4.38,317.3,313.2,4.26,317.7,311.4,1.82,384.1,311.1,0.92,396.4,306.0,4.56,8.1478
Deployment_3,20080328,1700,-51.62293,-37.22884,4.45,316.7,313.8,4.38,317.8,313.3,4.34,318.5,310.2,2.32,377.4,311.0,1.29,401.6,308.6,4.56,8.1481
Deployment_3,20080328,1730,-51.62540,-37.22760,4.48,316.3,313.6,4.38,318.2,313.2,4.24,317.5,311.6,1.85,383.0,310.5,0.89,398.1,306.5,4.57,8.1470
Deployment_3,20080328,1800,-51.62787,-37.22637,4.45,316.6,313.6,4.38,318.0,313.2,4.37,318.8,310.8,2.19,378.7,311.1,1.18,402.0,308.6,4.58,8.1456
Deployment_3,20080328,1830,-51.63013,-37.22456,4.48,316.8,313.8,4.40,318.2,312.8,4.34,318.9,310.5,1.95,382.9,310.8,0.97,397.1,307.6,4.58,8.1461
Deployment_3,20080328,1900,-51.63239,-37.22274,4.48,316.5,313.3,4.43,318.2,312.5,4.37,319.5,310.2,2.03,381.9,310.3,1.00,401.3,307.3,4.58,8.1468
Deployment_3,20080328,1930,-51.63465,-37.22093,4.45,315.2,313.9,4.40,317.7,312.7,4.37,319.8,310.6,2.11,382.6,310.9,0.92,402.6,306.7,4.58,8.1463
Deployment_3,20080328,2000,-51.63692,-37.21912,4.48,314.3,313.6,4.43,318.1,312.6,4.40,320.2,310.5,2.01,381.9,309.3,0.97,405.7,307.2,4.57,8.1456
Deployment_3,20080328,2030,-51.63939,-37.21685,4.48,314.6,313.4,4.48,318.4,312.6,4.42,319.6,309.6,2.24,378.4,310.7,1.24,405.9,308.4,4.57,8.1458
Deployment_3,20080328,2100,-51.64186,-37.21459,4.48,314.0,313.8,4.46,318.2,312.5,4.40,318.9,310.0,2.22,376.0,309.7,1.08,398.0,308.1,4.58,8.1460
Deployment_3,20080328,2130,-51.64424,-37.21252,4.48,313.6,313.9,4.46,318.5,312.3,4.40,320.1,309.8,1.82,383.2,308.4,0.81,399.7,304.8,4.58,8.1461
Deployment_3,20080328,2200,-51.64662,-37.21045,4.48,312.2,313.7,4.48,318.6,312.5,4.37,319.5,310.6,1.55,391.6,307.6,0.68,412.9,302.8,4.58,8.1461
Deployment_3,20080328,2230,-51.64878,-37.20842,4.48,313.2,313.8,4.46,317.5,312.3,4.29,319.7,311.1,1.53,392.2,306.8,0.68,418.7,302.8,4.58,8.1462
Deployment_3,20080328,2300,-51.65093,-37.20639,4.48,312.5,314.2,4.48,317.7,312.3,4.24,318.9,311.1,1.37,397.4,307.0,0.60,419.0,301.9,4.58,8.1462
Deployment_3,20080328,2330,-51.65302,-37.20509,4.48,311.4,314.0,4.48,318.3,312.6,4.24,318.9,311.8,1.37,397.2,306.7,0.62,421.8,301.9,4.58,8.1462
Deployment_3,20080329,0000,-51.65511,-37.20380,4.48,312.2,314.1,4.46,318.1,312.6,4.24,317.6,311.0,1.39,396.3,307.2,0.68,421.1,302.9,4.59,8.1463
Deployment_3,20080329,0030,-51.65686,-37.20309,4.50,312.4,314.1,4.48,319.2,312.4,4.40,319.4,310.5,1.58,393.3,307.9,0.70,416.0,303.4,4.60,8.1463
Deployment_3,20080329,0100,-51.65861,-37.20237,4.50,312.1,313.5,4.48,318.6,312.3,4.45,319.0,310.4,2.48,385.9,310.6,1.16,413.1,309.0,4.61,8.1463
Deployment_3,20080329,0130,-51.66070,-37.20121,4.50,311.5,314.2,4.46,317.2,312.3,4.37,318.1,309.9,2.14,373.7,307.2,1.10,403.0,308.8,4.61,8.1461
Deployment_3,20080329,0200,-51.66280,-37.20006,4.50,311.7,314.0,4.46,318.1,312.5,4.37,318.7,310.2,2.19,367.3,307.6,1.21,402.6,308.5,4.60,8.1458
Deployment_3,20080329,0230,-51.66436,-37.19797,4.48,311.3,314.1,4.46,318.2,312.2,4.34,318.3,311.2,2.80,360.1,309.2,1.37,398.4,309.0,4.59,8.1458
Deployment_3,20080329,0300,-51.66592,-37.19587,4.48,311.3,313.9,4.43,319.4,312.6,4.24,318.3,311.8,1.87,374.3,308.7,0.92,395.0,307.1,4.58,8.1459
Deployment_3,20080329,0330,-51.66760,-37.19451,4.48,311.4,313.6,4.40,318.9,312.5,4.13,317.6,312.4,1.85,382.0,309.8,0.81,404.0,304.6,4.58,8.1456
Deployment_3,20080329,0400,-51.66928,-37.19316,4.48,312.2,314.0,4.43,318.7,312.2,4.21,316.2,312.0,2.03,384.2,309.4,0.86,409.3,307.2,4.58,8.1452
Deployment_3,20080329,0430,-51.67106,-37.19196,4.48,312.3,314.3,4.43,317.2,312.4,4.24,316.8,312.2,1.87,384.6,309.6,1.18,411.0,311.1,4.57,8.1458
Deployment_3,20080329,0500,-51.67284,-37.19077,4.45,312.2,314.1,4.46,318.8,312.0,4.32,317.1,311.8,2.09,377.7,309.6,1.21,413.0,311.6,4.56,8.1466
Deployment_3,20080329,0530,-51.67461,-37.18967,4.45,312.0,313.7,4.46,319.1,311.9,4.37,317.6,310.8,2.43,374.3,310.1,1.16,415.0,310.4,4.56,8.1460
Deployment_3,20080329,0600,-51.67638,-37.18858,4.45,312.8,313.5,4.46,320.1,311.9,4.26,317.2,311.2,2.43,367.8,310.1,1.34,417.0,311.3,4.56,8.1452
Deployment_3,20080329,0630,-51.67832,-37.18696,4.45,312.5,313.5,4.43,318.9,312.5,4.24,316.3,311.8,2.16,372.0,310.6,1.16,419.0,309.3,4.56,8.1450
Deployment_3,20080329,0700,-51.68026,-37.18535,4.45,312.9,313.0,4.43,319.8,312.9,4.21,316.9,311.4,1.98,377.3,311.0,0.89,421.0,306.9,4.56,8.1448
Deployment_3,20080329,0730,-51.68231,-37.18295,4.42,312.5,313.6,4.30,318.3,313.7,4.08,317.8,313.2,1.55,392.4,310.3,0.57,423.0,302.9,4.56,8.1449
Deployment_3,20080329,0800,-51.68436,-37.18056,4.42,312.9,313.5,4.27,316.5,313.8,4.05,317.9,312.3,1.61,396.3,311.1,0.57,425.0,306.2,4.55,8.1450
Deployment_3,20080329,0847,-51.68626,-37.17811,4.42,312.6,313.8,4.24,316.7,313.5,4.00,319.3,312.1,1.71,396.9,310.8,0.62,426.0,303.8,4.56,8.1442
Deployment_3,20080329,0930,-51.68816,-37.17567,4.45,312.4,314.3,4.24,316.0,314.1,3.97,320.3,311.8,2.14,390.6,311.1,1.00,427.5,308.5,4.56,8.1448
Deployment_3,20080329,1000,-51.68952,-37.17377,4.45,318.9,314.1,4.27,315.0,314.0,4.21,317.0,312.6,1.98,390.3,311.1,0.86,416.0,306.2,4.56,8.1455
Deployment_3,20080329,1030,-51.69088,-37.17188,4.45,318.3,313.8,4.27,315.1,313.8,4.18,316.7,312.4,1.98,387.1,310.2,0.86,419.4,305.6,4.56,8.1454
Deployment_3,20080329,1100,-51.69242,-37.17107,4.45,318.2,314.1,4.35,315.3,312.6,4.18,316.6,312.1,2.40,379.2,311.5,1.05,414.3,308.4,4.57,8.1451
Deployment_3,20080329,1130,-51.69397,-37.17026,4.48,318.3,314.2,4.32,319.1,313.0,4.26,315.8,311.7,2.48,374.3,310.9,0.89,412.3,308.0,4.57,8.1447
Deployment_3,20080329,1200,-51.69556,-37.16947,4.48,316.4,314.0,4.35,319.7,312.3,4.26,316.1,311.1,2.16,378.0,310.7,0.81,411.2,307.8,4.58,8.1443
Deployment_3,20080329,1230,-51.69715,-37.16869,4.48,316.6,313.9,4.46,319.6,312.2,4.26,315.4,311.1,2.40,374.7,310.5,0.81,412.2,306.6,4.58,8.1448
Deployment_3,20080329,1300,-51.69838,-37.16853,4.48,316.6,313.8,4.46,320.5,311.9,4.32,316.7,310.7,2.46,372.1,311.1,0.92,415.0,307.6,4.59,8.1455
Deployment_3,20080329,1330,-51.69961,-37.16838,4.50,316.5,313.9,4.46,319.2,312.1,4.32,317.4,310.0,2.56,366.6,310.6,0.84,411.8,309.3,4.60,8.1456
Deployment_3,20080329,1400,-51.70104,-37.16773,4.50,316.0,314.0,4.46,318.3,312.2,4.37,317.2,309.7,1.95,374.5,306.7,0.73,408.9,309.0,4.61,8.1456
Deployment_3,20080329,1430,-51.70246,-37.16707,4.50,315.6,313.7,4.43,317.3,312.3,4.32,317.9,309.9,2.09,378.2,308.5,0.60,410.9,306.5,4.61,8.1460
Deployment_3,20080329,1500,-51.70499,-37.16628,4.48,316.5,313.6,4.46,316.4,312.2,4.18,317.5,310.4,2.40,371.2,308.4,0.81,414.9,309.7,4.60,8.1464
Deployment_3,20080329,1530,-51.70752,-37.16549,4.50,314.7,313.8,4.48,317.0,312.0,4.32,317.6,309.8,2.35,373.3,309.5,0.78,411.9,308.6,4.59,8.1466
Deployment_3,20080329,1600,-51.71009,-37.16325,4.50,317.1,314.0,4.46,317.7,311.9,4.18,318.1,311.2,2.09,379.9,309.5,0.60,412.3,306.4,4.58,8.1468
Deployment_3,20080329,1630,-51.71266,-37.16100,4.48,317.1,313.6,4.46,317.2,312.5,4.32,318.9,310.5,2.54,375.8,310.3,0.86,413.1,308.2,4.58,8.1454
Deployment_3,20080329,1700,-51.71519,-37.15772,4.45,317.9,313.1,4.43,317.4,312.2,4.24,317.1,311.3,2.03,372.5,309.1,0.70,409.9,303.8,4.57,8.1437
Deployment_3,20080329,1730,-51.71772,-37.15444,4.45,317.5,314.0,4.46,316.8,312.1,4.21,316.7,310.6,1.79,381.3,308.9,0.70,415.5,303.9,4.57,8.1446
Deployment_3,20080329,1800,-51.72011,-37.14963,4.45,318.2,313.3,4.40,317.2,312.6,4.29,317.9,310.6,1.66,384.6,308.2,0.84,413.8,305.1,4.56,8.1458
Deployment_3,20080329,1830,-51.72251,-37.14482,4.45,318.2,313.3,4.43,318.2,312.1,4.16,317.8,310.9,1.90,382.1,308.1,0.92,411.3,305.6,4.56,8.1451
Deployment_3,20080329,1900,-51.72369,-37.14044,4.45,318.2,313.4,4.46,315.7,312.1,4.32,318.6,310.2,1.90,382.4,309.8,0.84,412.8,304.9,4.55,8.1442
Deployment_3,20080329,1930,-51.72487,-37.13606,4.45,319.1,313.5,4.46,317.5,311.9,4.26,316.9,310.1,1.79,387.3,308.9,0.78,408.5,304.7,4.54,8.1440
Deployment_3,20080329,2000,-51.72493,-37.13325,4.45,318.2,313.6,4.46,317.4,312.2,4.29,319.1,310.2,2.38,380.6,309.9,1.18,414.4,308.1,4.53,8.1439
Deployment_3,20080329,2030,-51.72500,-37.13044,4.42,318.4,313.4,4.43,317.4,312.4,4.42,318.2,309.2,2.06,373.4,309.0,1.05,403.1,308.1,4.53,8.1442
Deployment_3,20080329,2100,-51.72473,-37.12864,4.42,318.0,313.3,4.40,318.1,312.4,4.45,317.9,309.1,1.87,382.3,308.4,1.10,405.3,308.0,4.53,8.1445
Deployment_3,20080329,2130,-51.72446,-37.12683,4.42,317.7,312.6,4.40,317.5,312.4,4.40,317.9,309.4,1.66,387.5,307.8,0.73,407.5,308.1,4.52,8.1443
Deployment_3,20080329,2200,-51.72420,-37.12552,4.40,317.3,314.1,4.40,317.8,312.0,4.37,318.2,309.7,1.58,391.5,308.0,0.65,411.7,308.2,4.50,8.1440
Deployment_3,20080329,2230,-51.72394,-37.12421,4.40,317.4,313.8,4.40,316.3,312.0,4.40,318.6,309.7,1.77,385.9,308.3,1.08,412.5,308.7,4.50,8.1437
Deployment_3,20080329,2300,-51.72366,-37.12370,4.40,318.3,313.8,4.40,318.0,311.7,4.40,318.0,308.6,2.03,384.7,309.8,1.05,409.7,308.1,4.50,8.1435
Deployment_3,20080329,2330,-51.72339,-37.12319,4.42,317.7,313.6,4.43,317.3,311.7,4.40,318.7,308.7,1.85,382.1,308.3,0.89,407.1,307.3,4.50,8.1439
Deployment_3,20080330,0000,-51.72428,-37.12289,4.40,317.6,313.4,4.40,316.2,311.5,4.42,319.7,309.2,2.01,380.4,309.2,1.13,407.5,307.4,4.50,8.1443
Deployment_3,20080330,0030,-51.72518,-37.12259,4.40,316.6,313.9,4.40,316.9,311.8,4.45,318.6,308.7,2.35,372.7,310.4,1.45,402.2,308.2,4.50,8.1447
Deployment_3,20080330,0100,-51.72510,-37.12362,4.40,316.1,313.8,4.40,316.6,312.2,4.45,318.6,308.5,1.90,378.0,309.2,0.73,398.6,305.7,4.50,8.1451
Deployment_3,20080330,0130,-51.72503,-37.12466,4.40,315.8,313.4,4.40,317.5,312.2,4.40,319.7,308.9,1.79,386.0,308.4,0.62,410.2,305.6,4.49,8.1452
Deployment_3,20080330,0200,-51.72629,-37.12618,4.40,315.9,313.9,4.40,317.4,311.6,4.29,320.1,309.1,2.03,380.6,309.4,0.70,412.6,306.1,4.48,8.1452
Deployment_3,20080330,0230,-51.72755,-37.12771,4.40,317.0,313.5,4.40,317.8,311.6,4.42,317.0,309.0,2.22,373.6,309.1,1.13,409.6,307.6,4.49,8.1444
Deployment_3,20080330,0300,-51.72863,-37.12972,4.40,316.2,313.8,4.40,319.0,311.5,4.42,313.3,308.1,2.24,372.6,308.6,0.94,404.8,308.1,4.50,8.1435
Deployment_3,20080330,0330,-51.72972,-37.13173,4.37,316.3,313.6,4.40,316.6,312.1,4.42,316.0,307.9,2.40,369.4,309.8,1.16,407.0,308.5,4.50,8.1442
Deployment_3,20080330,0400,-51.73158,-37.13223,4.40,316.4,313.7,4.40,316.3,311.9,4.40,317.0,307.9,1.98,373.4,308.8,0.84,399.6,309.2,4.49,8.1451
Deployment_3,20080330,0430,-51.73344,-37.13273,4.40,316.3,314.0,4.40,317.3,311.7,4.42,317.3,308.9,2.14,375.5,308.8,0.84,406.3,310.4,4.49,8.1434
Deployment_3,20080330,0500,-51.73543,-37.13209,4.37,316.7,313.9,4.40,316.6,312.0,4.40,318.0,308.6,2.19,370.9,308.8,0.89,404.2,308.8,4.48,8.1415
Deployment_3,20080330,0530,-51.73743,-37.13145,4.37,315.9,313.8,4.38,318.1,312.0,4.42,317.6,308.7,2.14,375.5,308.4,0.76,404.7,309.2,4.48,8.1423
Deployment_3,20080330,0600,-51.73930,-37.12899,4.37,316.6,313.6,4.38,317.5,311.7,4.40,317.3,309.0,1.98,380.3,307.9,0.62,408.7,307.1,4.48,8.1434
Deployment_3,20080330,0630,-51.74117,-37.12653,4.37,316.7,314.2,4.38,317.6,312.0,4.40,316.3,308.2,2.22,377.0,308.2,0.65,416.0,307.7,4.48,8.1436
Deployment_3,20080330,0700,-51.74304,-37.12407,4.37,317.0,313.8,4.38,318.1,311.9,4.40,316.0,309.1,2.16,372.0,308.2,0.68,412.8,308.1,4.47,8.1436
Deployment_3,20080330,0730,-51.74491,-37.12162,4.37,316.3,313.5,4.38,318.1,311.7,4.29,316.8,310.4,1.42,389.0,307.5,0.49,416.1,299.4,4.47,8.1436
Deployment_3,20080330,0800,-51.74589,-37.11881,4.37,316.1,314.0,4.38,316.7,311.6,4.34,316.8,309.0,1.77,389.5,308.2,0.57,423.9,305.6,4.46,8.1437
Deployment_3,20080330,0830,-51.74687,-37.11600,4.34,316.6,313.8,4.35,316.5,311.8,4.29,317.0,309.7,1.34,395.0,308.5,0.52,420.5,299.7,4.46,8.1442
Deployment_3,20080330,0900,-51.74784,-37.11336,4.34,317.1,314.1,4.38,317.9,312.1,4.32,316.4,309.3,1.24,399.9,308.2,0.52,427.4,300.2,4.45,8.1447
Deployment_3,20080330,0930,-51.74881,-37.11071,4.34,317.5,314.3,4.35,318.0,311.8,4.13,322.2,310.4,0.97,407.0,307.2,0.52,428.3,299.2,4.45,8.1447
Deployment_3,20080330,1000,-51.74951,-37.10846,4.34,316.7,314.0,4.35,318.0,312.3,4.26,317.1,309.8,1.02,405.6,307.4,0.52,426.1,299.6,4.45,8.1445
Deployment_3,20080330,1030,-51.75021,-37.10621,4.34,317.5,314.0,4.35,315.9,312.0,4.18,316.8,308.9,1.29,396.0,308.0,0.60,425.5,303.9,4.45,8.1440
Deployment_3,20080330,1100,-51.75046,-37.10376,4.34,317.1,314.0,4.35,318.0,311.9,4.16,318.5,310.0,1.00,404.0,305.2,0.52,425.2,299.9,4.45,8.1436
Deployment_3,20080330,1130,-51.75070,-37.10130,4.34,318.2,314.0,4.35,315.9,312.0,4.34,317.7,308.6,1.26,404.7,306.9,0.57,426.3,301.0,4.45,8.1438
Deployment_3,20080330,1200,-51.75034,-37.09956,4.34,317.2,314.3,4.35,317.0,312.2,4.34,316.5,309.2,2.27,380.3,307.9,0.97,421.1,307.7,4.45,8.1441
Deployment_3,20080330,1230,-51.74998,-37.09782,4.34,317.9,314.5,4.35,318.5,312.3,4.34,316.0,308.6,2.09,380.4,308.7,1.00,408.4,307.5,4.45,8.1447
Deployment_3,20080330,1300,-51.74949,-37.09774,4.34,317.3,313.8,4.32,317.3,312.6,4.37,316.8,308.9,1.55,389.6,308.1,0.73,409.0,304.2,4.45,8.1453
Deployment_3,20080330,1330,-51.74901,-37.09767,4.34,318.5,314.0,4.35,317.7,312.0,4.37,316.4,309.0,2.40,372.1,308.2,1.18,410.8,307.9,4.45,8.1447
Deployment_3,20080330,1400,-51.74855,-37.09797,4.34,317.8,314.0,4.35,316.2,312.4,4.37,316.2,308.5,2.67,361.0,307.9,1.31,400.3,308.0,4.45,8.1440
Deployment_3,20080330,1430,-51.74809,-37.09828,4.34,318.5,313.7,4.35,317.4,312.4,4.37,317.4,308.8,2.99,354.1,309.2,1.58,393.5,308.5,4.45,8.1440
Deployment_3,20080330,1500,-51.74811,-37.09967,4.32,318.0,314.1,4.35,318.1,312.0,4.37,316.2,308.5,2.88,352.3,308.9,1.39,392.6,307.7,4.44,8.1441
Deployment_3,20080330,1530,-51.74813,-37.10105,4.34,318.1,314.2,4.35,316.6,312.4,4.37,316.5,308.6,2.99,344.2,308.2,1.45,394.4,307.4,4.44,8.1436
Deployment_3,20080330,1600,-51.74864,-37.10271,4.34,318.6,313.7,4.35,316.8,312.0,4.40,316.0,309.0,2.43,353.5,307.4,1.34,393.0,307.7,4.45,8.1429
Deployment_3,20080330,1630,-51.74914,-37.10436,4.34,318.0,313.8,4.35,316.4,312.2,4.40,315.7,308.5,2.03,370.5,308.4,1.13,397.1,306.8,4.45,8.1438
Deployment_3,20080330,1700,-51.75069,-37.10583,4.34,318.0,314.0,4.35,317.5,312.1,4.40,316.3,307.9,1.61,386.4,306.8,0.73,402.5,308.6,4.44,8.1448
Deployment_3,20080330,1730,-51.75224,-37.10730,4.34,318.6,313.6,4.35,317.4,312.2,4.37,316.7,308.7,1.63,391.5,307.3,0.68,411.0,308.0,4.44,8.1445
Deployment_3,20080330,1800,-51.75416,-37.10779,4.34,318.0,313.7,4.35,316.0,312.3,4.37,316.4,308.9,1.58,389.9,307.7,0.76,411.1,308.8,4.44,8.1440
Deployment_3,20080330,1830,-51.75609,-37.10829,4.34,317.7,313.8,4.35,317.0,312.2,4.37,316.3,308.5,1.47,393.3,307.4,0.54,416.8,303.8,4.44,8.1440
Deployment_3,20080330,1900,-51.75752,-37.10739,4.34,316.9,314.1,4.35,316.3,311.9,4.37,316.4,309.0,1.69,391.6,307.2,0.62,420.5,307.1,4.44,8.1441
Deployment_3,20080330,1930,-51.75895,-37.10649,4.32,317.1,313.7,4.35,316.9,312.5,4.37,316.0,308.9,1.77,387.3,308.0,0.65,414.3,307.3,4.43,8.1445
Deployment_3,20080330,2000,-51.76073,-37.10402,4.34,317.4,313.7,4.35,317.9,312.1,4.37,316.4,308.0,1.95,382.7,308.5,0.68,412.3,307.6,4.42,8.1450
Deployment_3,20080330,2030,-51.76250,-37.10154,4.32,316.5,313.8,4.35,317.2,311.8,4.34,317.3,308.9,1.58,390.0,306.7,0.52,414.0,304.0,4.42,8.1439
Deployment_3,20080330,2100,-51.76365,-37.09945,4.32,316.8,313.7,4.32,317.0,312.5,4.37,316.1,308.5,1.63,389.2,308.6,0.54,421.2,305.4,4.42,8.1426
Deployment_3,20080330,2130,-51.76479,-37.09736,4.32,316.1,313.6,4.35,317.5,312.1,4.34,317.7,308.7,1.21,395.4,307.4,0.52,417.6,305.2,4.42,8.1435
Deployment_3,20080330,2200,-51.76613,-37.09519,4.32,316.3,313.6,4.32,318.0,312.0,3.79,321.6,307.2,0.94,402.9,307.3,0.54,420.8,305.2,4.42,8.1447
Deployment_3,20080330,2230,-51.76746,-37.09302,4.32,316.1,313.7,4.32,316.7,312.3,4.05,325.7,308.4,1.05,405.7,308.5,0.49,420.8,305.3,4.42,8.1440
Deployment_3,20080330,2300,-51.76927,-37.09119,4.32,317.1,314.0,4.32,317.6,312.3,4.34,319.0,308.2,1.71,392.9,306.6,0.65,419.9,307.7,4.42,8.1429
Deployment_3,20080330,2330,-51.77107,-37.08935,4.32,316.2,314.0,4.32,316.8,312.3,4.34,317.6,308.1,1.63,388.8,306.7,0.52,415.4,305.3,4.42,8.1436
Deployment_3,20080331,0000,-51.77304,-37.08680,4.32,316.4,314.0,4.32,316.2,312.1,4.34,317.9,308.5,1.69,390.4,308.0,0.62,419.8,306.4,4.42,8.1445
Deployment_3,20080331,0030,-51.77500,-37.08424,4.32,317.3,314.0,4.32,316.6,312.2,4.34,317.1,308.8,2.78,373.7,309.9,1.13,413.8,310.1,4.41,8.1445
Deployment_3,20080331,0100,-51.77566,-37.08151,4.32,317.4,314.1,4.32,318.1,312.1,4.34,317.7,308.8,2.27,373.1,308.9,0.76,406.0,308.3,4.40,8.1445
Deployment_3,20080331,0130,-51.77632,-37.07878,4.29,317.2,314.1,4.32,316.6,312.1,4.32,317.8,308.7,2.51,369.6,309.1,0.89,410.7,308.5,4.40,8.1439
Deployment_3,20080331,0200,-51.77642,-37.07615,4.29,316.9,313.9,4.30,318.8,312.7,4.34,317.0,308.4,2.43,368.4,308.5,0.97,408.5,308.6,4.40,8.1433
Deployment_3,20080331,0230,-51.77652,-37.07352,4.29,317.2,313.9,4.30,317.3,312.0,4.34,316.7,308.4,2.22,368.5,308.6,1.08,404.6,308.5,4.40,8.1437
Deployment_3,20080331,0300,-51.77633,-37.07079,4.29,317.3,313.7,4.30,316.9,312.7,4.34,317.3,309.0,2.32,372.9,309.0,1.13,402.5,308.0,4.40,8.1443
Deployment_3,20080331,0330,-51.77613,-37.06807,4.29,317.8,314.1,4.30,316.8,312.7,4.34,316.5,308.5,2.91,358.4,309.3,1.45,397.9,308.8,4.40,8.1443
Deployment_3,20080331,0400,-51.77592,-37.06513,4.29,319.1,313.6,4.30,316.9,312.3,4.34,316.9,309.0,2.03,368.1,308.0,1.13,393.4,307.6,4.40,8.1441
Deployment_3,20080331,0430,-51.77570,-37.06218,4.29,318.3,314.3,4.30,317.7,312.5,4.32,315.7,308.7,1.85,379.4,308.4,1.16,404.1,307.7,4.40,8.1436
Deployment_3,20080331,0500,-51.77551,-37.06029,4.29,319.0,314.5,4.30,317.0,312.4,4.32,316.4,308.9,1.87,382.5,308.7,1.18,400.4,307.4,4.40,8.1431
Deployment_3,20080331,0530,-51.77532,-37.05840,4.29,317.8,314.0,4.30,318.4,312.2,4.32,316.9,308.6,1.95,381.5,308.8,1.18,402.7,307.7,4.40,8.1433
Deployment_3,20080331,0600,-51.77612,-37.05693,4.29,319.6,314.1,4.30,317.6,312.4,4.32,315.9,309.1,2.06,379.6,308.8,1.18,399.4,306.9,4.40,8.1437
Deployment_3,20080331,0630,-51.77648,-37.05612,4.29,318.8,313.9,4.30,317.4,312.0,4.32,316.2,309.3,1.93,379.5,308.2,0.92,403.0,305.3,4.40,8.1437
Deployment_3,20080331,0700,-51.77685,-37.05531,4.29,318.8,314.2,4.30,318.3,312.0,4.32,317.3,309.2,2.22,376.3,309.0,1.02,406.2,306.1,4.40,8.1437
Deployment_3,20080331,0730,-51.77721,-37.05450,4.29,319.1,314.2,4.30,318.2,312.4,4.34,317.7,309.0,2.54,367.9,309.7,1.39,407.7,308.2,4.40,8.1438
Deployment_3,20080331,0800,-51.77786,-37.05390,4.29,319.8,313.8,4.30,317.7,312.6,4.32,316.2,309.1,2.40,366.0,308.8,1.37,397.5,308.2,4.41,8.1439
Deployment_3,20080331,0830,-51.77851,-37.05331,4.32,319.7,314.0,4.32,318.0,312.5,4.34,317.3,308.1,2.43,364.4,309.2,1.34,396.2,308.0,4.41,8.1425
Deployment_3,20080331,0900,-51.77972,-37.05223,4.32,319.5,314.1,4.30,317.7,312.5,4.32,317.0,308.9,2.46,365.1,309.2,1.34,394.0,308.8,4.41,8.1409
Deployment_3,20080331,0930,-51.78093,-37.05116,4.32,319.9,314.1,4.32,318.9,312.3,4.32,316.9,308.7,2.51,365.0,309.3,1.37,397.5,308.6,4.41,8.1418
Deployment_3,20080331,1000,-51.78252,-37.04880,4.32,320.7,314.1,4.30,317.7,311.9,4.24,317.7,309.2,1.90,376.2,308.4,0.78,395.7,305.9,4.42,8.1430
Deployment_3,20080331,1030,-51.78411,-37.04644,4.32,320.6,314.1,4.32,318.0,312.0,4.32,318.0,308.6,1.45,391.2,307.3,0.44,414.2,299.8,4.42,8.1425
Deployment_3,20080331,1100,-51.78597,-37.04308,4.32,321.0,314.0,4.32,318.0,311.8,4.34,318.5,308.5,1.95,388.7,308.9,0.73,422.1,308.1,4.42,8.1418
Deployment_3,20080331,1130,-51.78784,-37.03971,4.32,320.5,313.9,4.32,317.8,311.8,4.34,317.3,308.1,2.14,377.6,308.8,1.10,411.6,307.1,4.42,8.1424
Deployment_3,20080331,1200,-51.78958,-37.03672,4.32,321.2,313.6,4.32,319.1,312.2,4.34,317.7,308.3,2.38,371.8,309.1,1.24,405.4,307.7,4.42,8.1432
Deployment_3,20080331,1230,-51.79133,-37.03372,4.32,320.9,313.9,4.32,317.4,311.7,4.34,317.8,308.1,2.59,367.7,309.3,1.37,399.6,308.4,4.42,8.1428
Deployment_3,20080331,1300,-51.79297,-37.02915,4.32,321.5,313.8,4.32,317.6,311.6,4.32,318.1,307.9,2.16,366.0,308.3,1.31,393.4,308.9,4.42,8.1422
Deployment_3,20080331,1330,-51.79461,-37.02458,4.32,320.8,313.6,4.32,317.4,311.9,4.34,318.0,308.1,1.93,382.7,308.9,0.94,398.7,308.1,4.42,8.1419
Deployment_3,20080331,1400,-51.79647,-37.02052,4.32,321.2,313.5,4.32,318.6,312.2,4.32,317.7,308.2,2.06,378.6,309.3,0.84,402.9,307.0,4.42,8.1417
Deployment_3,20080331,1430,-51.79832,-37.01647,4.32,320.6,313.7,4.32,317.4,312.0,4.32,318.2,308.1,1.87,382.5,309.7,0.57,405.6,306.2,4.42,8.1427
Deployment_3,20080331,1500,-51.79937,-37.01092,4.32,321.9,313.3,4.32,317.5,312.0,4.29,318.1,308.0,1.85,385.1,309.4,0.52,415.5,304.6,4.42,8.1439
Deployment_3,20080331,1530,-51.80042,-37.00538,4.32,321.9,313.6,4.30,317.8,312.6,4.32,317.9,308.2,2.32,374.3,309.5,0.54,421.1,305.2,4.42,8.1435
Deployment_3,20080331,1600,-51.80077,-36.99975,4.32,322.9,313.6,4.30,318.4,312.0,4.34,318.3,308.3,2.32,372.0,309.9,0.60,420.8,305.5,4.41,8.1429
Deployment_3,20080331,1630,-51.80112,-36.99413,4.29,322.6,313.6,4.30,318.4,312.0,4.32,318.8,308.2,2.19,376.9,310.3,0.62,415.1,306.9,4.41,8.1430
Deployment_3,20080331,1700,-51.80072,-36.98899,4.29,322.7,313.4,4.30,318.4,312.8,4.26,319.2,308.3,1.13,395.6,306.0,0.54,415.1,304.5,4.40,8.1431
Deployment_3,20080331,1730,-51.80032,-36.98386,4.29,323.4,313.5,4.30,318.0,312.1,4.32,317.8,308.3,1.93,384.3,308.4,0.70,418.1,307.4,4.40,8.1434
Deployment_3,20080331,1800,-51.79980,-36.97941,4.29,323.5,313.5,4.30,318.8,312.4,4.34,317.9,308.4,1.69,385.4,308.2,0.60,414.4,305.2,4.40,8.1437
Deployment_3,20080331,1830,-51.79927,-36.97496,4.29,324.4,314.1,4.30,318.2,312.6,4.32,318.7,308.3,1.93,386.0,308.0,0.65,416.6,305.4,4.40,8.1438
Deployment_3,20080331,1900,-51.79941,-36.97060,4.29,325.0,313.6,4.30,318.4,312.4,4.32,318.3,308.2,1.82,384.2,308.2,0.68,413.9,306.3,nd,nd
Deployment_3,20080331,1930,-51.79955,-36.96623,4.29,325.1,313.4,4.30,318.4,312.6,4.32,318.5,308.2,2.01,383.8,309.5,0.68,418.2,306.0,nd,nd
